id,first_name,last_name,email,designation,training_name,score
1,Rochette,Shay,rshay3i@ning.com,Employee,Cooking and Baking Masterclass,73
2,Stacy,Halvorsen,shalvorsenj1@usda.gov,Intern,Gardening for Beginners,88
3,Tabby,Micheli,tmichelios@deviantart.com,Intern,Healthy Meal Prep Workshop,88
4,Fan,Laybourn,flaybournk5@tripadvisor.com,Intern,Sales Techniques and Strategies,79
5,Hersch,Macvain,hmacvain84@vinaora.com,Intern,Business Communication Skills Training,97
6,Celle,Skechley,cskechley51@cnn.com,Intern,Business Ethics and Corporate Responsibility,90
7,Gianni,Greenstreet,ggreenstreetlf@cdbaby.com,Employee,Time Management and Productivity Techniques,99
8,Lorita,Mecozzi,lmecozzieo@gmpg.org,Intern,Financial Planning for Beginners,90
9,Ker,Hanse,khanselp@nytimes.com,Employee,Interior Design Principles,77
10,Gus,Haseley,ghaseleyhk@facebook.com,Intern,Fashion Branding and Marketing,80
11,Nelly,Beneze,nbeneze47@house.gov,Employee,Video Game Development Workshop,98
12,Queenie,Furniss,qfurnissaj@nifty.com,Intern,Fitness Training Techniques,70
13,Viola,Coronado,vcoronado5z@newyorker.com,Employee,Sales Techniques and Strategies,80
14,Orazio,Gommowe,ogommowep4@gizmodo.com,Intern,Health and Wellness Coaching,96
15,Nonna,Keyho,nkeyho6c@nih.gov,Intern,Machine Learning Fundamentals,92
16,Raye,Hanes,rhanesmg@dell.com,Intern,Public Speaking for Introverts,93
17,Jessa,Wiskar,jwiskar8h@ocn.ne.jp,Employee,Music Marketing Strategies,63
18,Melva,Locks,mlocks7i@tinyurl.com,Employee,Customer Service Excellence Training,69
19,Marketa,Iddiens,middiens9r@liveinternet.ru,Employee,Mobile App Development Workshop,78
20,Lin,Persian,lpersianbb@howstuffworks.com,Intern,Project Management Essentials,63
21,Therine,Trevena,ttrevena7b@xing.com,Intern,Personal Finance Management Strategies,74
22,Aaren,Ingyon,aingyon7o@topsy.com,Intern,Digital Illustration Basics,69
23,Raye,Vargas,rvargasid@ehow.com,Intern,Content Writing Masterclass,74
24,Frans,Balk,fbalklc@columbia.edu,Employee,Leadership Development Program,63
25,Noll,Bispham,nbispham9n@umn.edu,Intern,Product Management Essentials,77
26,Andris,Kasman,akasmankk@moonfruit.com,Intern,Creative Writing Workshop,89
27,Annaliese,Sweetsur,asweetsurc4@google.es,Intern,Digital Illustration Basics,99
28,Devina,Lightowlers,dlightowlersjo@parallels.com,Employee,Nutrition and Healthy Eating Habits,72
29,Mufinella,Onians,moniansjr@t-online.de,Employee,Networking and Security Fundamentals,81
30,Shena,Grealey,sgrealeydw@google.cn,Employee,Health and Wellness Coaching,89
31,Kalil,Haps,khaps1z@dot.gov,Intern,Art History and Appreciation,81
32,Clarke,Rearie,crearie1n@skype.com,Employee,Digital Marketing Strategies,79
33,Fredra,Stops,fstopsiw@rambler.ru,Intern,Digital Illustration Basics,81
34,Mercie,Mosley,mmosleyak@google.it,Intern,Public Health Fundamentals,69
35,Hedda,Murray,hmurray1p@addthis.com,Intern,Career Development and Planning,83
36,Bob,Hollow,bhollow4k@webnode.com,Intern,Product Management Essentials,89
37,Missie,Rope,mropee9@cbslocal.com,Intern,Healthy Dessert Recipes Workshop,89
38,Rickie,Flemming,rflemmingd5@noaa.gov,Intern,Interior Design Principles,66
39,Valentine,Jeacocke,vjeacockean@dion.ne.jp,Employee,Event Planning for Nonprofits,89
40,Clara,Robus,crobus6t@spiegel.de,Intern,Healthy Dessert Recipes Workshop,74
41,Nettie,Perone,nperonegr@weibo.com,Employee,Gardening for Sustainable Living,78
42,Keely,Courtliff,kcourtliff5t@123-reg.co.uk,Intern,Photography for Beginners,89
43,Nathanael,Moyer,nmoyer5q@sohu.com,Employee,Music Industry Trends and Insights,81
44,Thayne,Canas,tcanasq@amazonaws.com,Intern,Data Visualization Workshop,67
45,Garrard,Wimp,gwimpgg@businesswire.com,Employee,Fashion Design Basics,74
46,Katlin,Dumper,kdumperqp@amazon.co.uk,Intern,Fashion Branding and Marketing,75
47,Guy,Hentzer,ghentzerky@yolasite.com,Intern,Creative Writing Workshop,99
48,Sonnnie,O'Hallagan,sohallaganj8@over-blog.com,Intern,Music Composition and Songwriting,93
49,Dorthy,Shemwell,dshemwellm2@sfgate.com,Employee,SEO Optimization Techniques,75
50,Flossie,MacAnellye,fmacanellyeh4@ocn.ne.jp,Employee,Cybersecurity Fundamentals,100
51,Grier,Hucker,ghuckerl5@seattletimes.com,Intern,Public Health Fundamentals,64
52,Bendicty,Celle,bcellea8@simplemachines.org,Intern,Artificial Intelligence Fundamentals,69
53,Dede,Yanin,dyaninbi@freewebs.com,Employee,Nutrition and Healthy Eating Habits,76
54,Wayne,Lewens,wlewensde@nhs.uk,Intern,Leadership Development Program,99
55,Zitella,Eliasson,zeliassonmj@toplist.cz,Employee,Travel Writing Workshop,66
56,Meagan,Fordham,mfordhamro@google.de,Employee,Interior Design Principles,79
57,Arv,Walley,awalleyet@tuttocitta.it,Intern,Business Ethics and Corporate Responsibility,71
58,Zelda,Tancock,ztancockfr@census.gov,Employee,Gardening for Stress Relief,99
59,Kipper,Tetlow,ktetlow4h@facebook.com,Employee,Data Science Bootcamp,84
60,Daphna,Matousek,dmatousek7q@paginegialle.it,Employee,Fitness Training Techniques,78
61,Roland,Edwards,redwardsnt@fotki.com,Intern,Web Design Principles,96
62,Englebert,Babington,ebabingtondb@oracle.com,Intern,Event Marketing Strategies,92
63,Stacy,Halvorsen,shalvorsenj1@usda.gov,Intern,Digital Illustration Basics,96
64,Roxanne,Picardo,rpicardooo@i2i.jp,Intern,Time Management and Productivity Techniques,90
65,Isahella,Bunyard,ibunyard1o@google.co.uk,Intern,Mindfulness and Meditation Practices,68
66,Petr,Puddifer,ppuddiferj7@wordpress.org,Intern,Music Theory Fundamentals,76
67,Claybourne,Aland,calandpn@youku.com,Employee,Cooking and Baking Masterclass,80
68,Cyndia,Havock,chavockbt@alexa.com,Employee,Sales Techniques and Strategies,87
69,Hervey,Aronin,haronin41@hibu.com,Employee,Home Organization and Decluttering,76
70,Annadiana,Skellorne,askellorneog@1und1.de,Employee,Public Speaking for Introverts,70
71,Eleanore,Ashelford,eashelfordla@twitpic.com,Employee,Public Health Fundamentals,73
72,Haleigh,Cruess,hcruessgm@ftc.gov,Intern,Introduction to Python Programming,62
73,Carmencita,Baile,cbailerr@gmpg.org,Employee,Sustainable Fashion Principles,65
74,Malinda,Brandsen,mbrandsenda@jigsy.com,Employee,Career Transition and Job Search Strategies,80
75,Edsel,Gori,egoriiy@adobe.com,Intern,Interior Design Principles,66
76,Lesli,Ajam,lajam5s@mozilla.org,Employee,Cooking and Baking Masterclass,67
77,Lynne,Benedettini,lbenedettini6w@t.co,Intern,Event Coordination and Logistics,68
78,Gherardo,Joontjes,gjoontjesao@tripadvisor.com,Employee,Event Planning and Management,88
79,Fiorenze,Dunsford,fdunsford1k@symantec.com,Intern,Video Game Development Workshop,75
80,Guy,Hentzer,ghentzerky@yolasite.com,Intern,Networking and Security Fundamentals,82
81,Vally,Bettridge,vbettridgemz@sina.com.cn,Employee,Fashion Branding and Marketing,71
82,Lynette,Northin,lnorthin7w@archive.org,Employee,Customer Service Excellence Training,75
83,Hermann,Manthroppe,hmanthroppe99@discovery.com,Intern,Content Writing Masterclass,73
84,Ignacius,Pretsell,ipretsell5b@e-recht24.de,Employee,Artificial Intelligence Fundamentals,94
85,Kristoffer,Terzo,kterzo7j@stanford.edu,Employee,Fashion Branding and Marketing,62
86,Aviva,Brash,abrashjb@mit.edu,Intern,Music Production Workshop,92
87,Diane-marie,Davidesco,ddavidescopw@dyndns.org,Employee,Art Therapy for Anxiety Relief,93
88,Valentine,Jeacocke,vjeacockean@dion.ne.jp,Employee,Leadership Development Program,61
89,Amby,Loveguard,aloveguard52@shinystat.com,Intern,Public Health Fundamentals,77
90,Perle,Riach,priachkx@scribd.com,Intern,Gardening for Stress Relief,72
91,Henrie,Allin,hallinly@canalblog.com,Employee,Content Writing Masterclass,83
92,Job,Halliday,jhallidayfj@time.com,Employee,Content Writing Masterclass,78
93,Guthry,Aubury,gaubury9x@unc.edu,Employee,Gardening for Beginners,90
94,Zolly,Zanicchi,zzanicchirg@infoseek.co.jp,Intern,Personal Branding Workshop,79
95,Henrie,Allin,hallinly@canalblog.com,Employee,Product Management Essentials,81
96,Kris,Antyukhin,kantyukhin7p@cam.ac.uk,Intern,Video Editing Basics,74
97,Vi,Chater,vchater5k@ycombinator.com,Employee,Negotiation Skills Training,78
98,Dylan,Santorini,dsantoriniku@discuz.net,Employee,Healthy Meal Prep Workshop,79
99,Carmencita,Guilloton,cguillotonns@xrea.com,Intern,Human Resources Training and Development,88
100,Randi,Bartoli,rbartoli9s@weibo.com,Intern,Social Media Marketing Strategies,97
101,Stavros,Hellwich,shellwich29@sina.com.cn,Employee,Interior Design Principles,98
102,Ettie,Adamsky,eadamskyab@issuu.com,Employee,Nutrition and Healthy Eating Habits,81
103,Josie,MacGillespie,jmacgillespieq5@hp.com,Intern,Interior Design Principles,89
104,Timothee,Whitewood,twhitewoodhl@reverbnation.com,Intern,Fashion Design Basics,99
105,Ricki,Varty,rvarty25@nasa.gov,Intern,Art Therapy for Anxiety Relief,99
106,George,Harry,gharrybh@linkedin.com,Intern,Art History and Appreciation,81
107,Mab,Geeves,mgeevesrm@miibeian.gov.cn,Intern,Event Marketing Strategies,66
108,Caprice,Bridle,cbridle9y@amazon.com,Employee,Interior Decorating Workshop,70
109,Dore,Rodolf,drodolfhe@amazon.de,Employee,Social Entrepreneurship Strategies,82
110,Lissy,Ciccone,lcicconep9@1688.com,Employee,Public Speaking for Leaders,91
111,Kristofor,Gerber,kgerber5@theatlantic.com,Employee,Fitness Training Techniques,98
112,Alane,Gritland,agritlandkn@google.com.hk,Intern,Video Game Development Workshop,91
113,Galen,Tregido,gtregido8o@fotki.com,Employee,Time Management and Productivity Techniques,92
114,Ebeneser,Esberger,eesbergereb@bbc.co.uk,Intern,Event Marketing Strategies,97
115,Debera,Feldon,dfeldon1j@godaddy.com,Intern,Music Marketing Strategies,93
116,Giffard,Dudmarsh,gdudmarshpb@europa.eu,Intern,Cybersecurity Fundamentals,85
117,Hermann,Manthroppe,hmanthroppe99@discovery.com,Intern,Web Design Principles,97
118,Julie,Casajuana,jcasajuanain@jalbum.net,Employee,Public Speaking for Leaders,81
119,Rutledge,Cluelow,rcluelowck@is.gd,Employee,Home Organization and Decluttering,63
120,Dorthy,Shemwell,dshemwellm2@sfgate.com,Employee,Machine Learning Fundamentals,92
121,Lotti,Spirritt,lspirritt9q@noaa.gov,Employee,Interior Decorating Workshop,67
122,Florida,Chaperling,fchaperlingfy@twitpic.com,Employee,Creative Writing Workshop,78
123,Maurita,Leemans,mleemanskl@nifty.com,Employee,Customer Service Excellence Training,96
124,Boonie,Raspel,braspel23@tmall.com,Employee,Event Sponsorship and Partnerships,62
125,Brunhilda,Kubalek,bkubalek35@salon.com,Employee,Gardening for Stress Relief,71
126,Katrine,Pagden,kpagdenbm@163.com,Intern,Fashion Merchandising Essentials,100
127,May,Meeking,mmeekingod@gov.uk,Employee,Interior Design Principles,64
128,Gabriello,Westmancoat,gwestmancoat98@slate.com,Employee,Yoga and Meditation Retreat,60
129,Maggee,Satterlee,msatterlee6d@ycombinator.com,Employee,Networking and Security Fundamentals,88
130,Diane-marie,Davidesco,ddavidescopw@dyndns.org,Employee,Interior Design Principles,78
131,Timotheus,Storms,tstormsfs@cbslocal.com,Intern,SEO Optimization Techniques,87
132,Samuel,Collington,scollington6r@bloglovin.com,Employee,Interior Decorating Workshop,85
133,Pancho,Marian,pmarian3o@tinyurl.com,Intern,Content Writing Masterclass,64
134,Vlad,Petters,vpetters5m@wisc.edu,Employee,Healthy Meal Prep Workshop,68
135,Xylia,Pratchett,xpratchetths@vimeo.com,Employee,Data Science Bootcamp,68
136,Kirsten,Woodroffe,kwoodroffegc@dailymail.co.uk,Intern,Customer Relationship Management Strategies,68
137,Hurley,Empleton,hempleton2n@barnesandnoble.com,Intern,Sustainable Fashion Principles,77
138,Della,Hagard,dhagardnk@fda.gov,Intern,Sales Techniques and Strategies,98
139,Dinnie,Carss,dcarssjp@weebly.com,Employee,Nutrition and Healthy Eating Habits,68
140,Alane,Gritland,agritlandkn@google.com.hk,Intern,Photography Lighting Techniques,70
141,Adam,Lamacraft,alamacraft1r@so-net.ne.jp,Employee,Video Game Development Workshop,75
142,Sheffie,De Matteis,sdematteisiu@eepurl.com,Intern,Self-Care and Stress Management Techniques,80
143,Vlad,Petters,vpetters5m@wisc.edu,Employee,Machine Learning Fundamentals,62
144,Beltran,Goodnow,bgoodnow3h@123-reg.co.uk,Intern,Art History and Appreciation,75
145,Briano,Redon,bredon6v@yelp.com,Intern,Project Management Essentials,96
146,Kale,Thalmann,kthalmanni6@quantcast.com,Intern,Music Theory Fundamentals,96
147,Clair,Polamontayne,cpolamontaynehm@youtu.be,Intern,Entrepreneurship Fundamentals,61
148,Bradly,Kryska,bkryskaey@businesswire.com,Intern,Digital Illustration Basics,92
149,Rosana,Rentz,rrentz59@who.int,Intern,Mobile App Development Workshop,79
150,Bradan,Seed,bseedbd@gravatar.com,Intern,Digital Illustration Basics,67
151,Clarke,Rearie,crearie1n@skype.com,Employee,Public Speaking for Leaders,80
152,Richmond,Dawes,rdawesqz@hud.gov,Intern,Photography Lighting Techniques,73
153,Margery,Haskayne,mhaskaynefv@unicef.org,Intern,Networking and Security Fundamentals,77
154,Doralynn,Gauthorpp,dgauthorppaw@zimbio.com,Intern,Business Communication Skills Training,77
155,Robbin,Fennick,rfennick1c@4shared.com,Employee,Video Game Development Workshop,87
156,Joy,Pentony,jpentonyqw@amazon.com,Intern,Content Writing Masterclass,80
157,Gilbertine,Witcombe,gwitcombe4@google.co.jp,Intern,Culinary Arts Masterclass,93
158,Winslow,De Fraine,wdefraine5j@google.nl,Employee,Career Transition and Job Search Strategies,74
159,Samuel,Collington,scollington6r@bloglovin.com,Employee,E-commerce Business Strategies,91
160,Gerta,Thomton,gthomton2a@imdb.com,Intern,Healthy Dessert Recipes Workshop,68
161,Brice,Ferencz,bferenczf5@elpais.com,Employee,Negotiation Skills Training,97
162,Iver,Tremonte,itremontef9@comcast.net,Employee,Video Editing Basics,62
163,Evangelina,Twamley,etwamleyqn@woothemes.com,Employee,Entrepreneurship Fundamentals,92
164,Gilbertine,Halahan,ghalahanpz@instagram.com,Employee,Healthy Smoothie Recipes Workshop,98
165,Howie,Soans,hsoanspe@parallels.com,Employee,Cybersecurity Fundamentals,87
166,Lissa,Shoobridge,lshoobridgejv@diigo.com,Intern,Video Editing Basics,65
167,Baron,Streetley,bstreetley88@miitbeian.gov.cn,Intern,Business Communication Skills Training,96
168,Queenie,Furniss,qfurnissaj@nifty.com,Intern,Product Management Essentials,96
169,Baldwin,Sandever,bsandeverm0@quantcast.com,Employee,Personal Branding Workshop,93
170,Robbin,Fennick,rfennick1c@4shared.com,Employee,Gardening and Landscaping Basics,60
171,Zebadiah,Gibben,zgibben68@last.fm,Employee,Introduction to Python Programming,70
172,Saunder,Sandyford,ssandyfordpt@bigcartel.com,Intern,Interior Decorating Workshop,73
173,Bengt,Paslow,bpaslowio@bandcamp.com,Intern,Music Marketing Strategies,67
174,Vickie,Gepson,vgepson9z@sciencedirect.com,Intern,Mindfulness and Meditation Practices,65
175,Rakel,Danslow,rdanslowh5@alexa.com,Employee,Data Visualization Workshop,81
176,Merrili,Cartan,mcartan4a@wikispaces.com,Employee,Web Design Principles,71
177,Milicent,Janoch,mjanochqt@goodreads.com,Employee,Public Relations Strategies,83
178,Jewel,Penchen,jpenchenbx@blinklist.com,Employee,Customer Relationship Management Strategies,70
179,Pip,Harnott,pharnott9i@nih.gov,Employee,Travel Writing Workshop,83
180,Jessa,Wiskar,jwiskar8h@ocn.ne.jp,Employee,Project Management Essentials,68
181,Clarke,Rearie,crearie1n@skype.com,Employee,Interior Decorating Workshop,64
182,Dolley,Breed,dbreedbn@answers.com,Intern,Project Management Essentials,98
183,Laurene,Palfery,lpalferycn@ustream.tv,Employee,Interior Decorating Workshop,99
184,Loralee,Arnal,larnal3z@yolasite.com,Employee,Gardening for Beginners,95
185,Clarabelle,Martinot,cmartinotoa@fema.gov,Employee,Mindfulness and Meditation Practices,93
186,Dag,Ferreli,dferrelie2@washingtonpost.com,Employee,Interior Design Principles,86
187,Davide,Abrahamson,dabrahamson2g@oakley.com,Intern,Healthy Meal Prep Workshop,64
188,Jenna,Itzhayek,jitzhayeklx@nasa.gov,Intern,Gardening for Sustainable Living,74
189,Richmond,Dawes,rdawesqz@hud.gov,Intern,Leadership Development Program,60
190,Emilio,Corradi,ecorradib3@umn.edu,Intern,Gardening for Beginners,91
191,Lottie,Whybrow,lwhybrow8r@phoca.cz,Intern,Music Production Workshop,67
192,Dre,Fairlaw,dfairlawgo@discovery.com,Intern,Health and Wellness Coaching,78
193,Ban,Gascoyne,bgascoyneiq@narod.ru,Intern,Data Visualization Workshop,93
194,Bobette,Byk,bbykn1@goodreads.com,Employee,Interior Decorating Workshop,99
195,Lucila,Greir,lgreirlb@liveinternet.ru,Employee,Fitness Training Techniques,95
196,Wilton,Maltman,wmaltmanbu@typepad.com,Employee,UI/UX Design Principles,94
197,Sharlene,Houlston,shoulstoni5@fc2.com,Employee,Fashion Branding and Marketing,86
198,Holli,Boughey,hbougheypu@bloomberg.com,Intern,Photography Editing Techniques,67
199,Jermayne,Swinn,jswinn3x@ask.com,Employee,Travel Writing Workshop,79
200,Vanny,Denham,vdenhamo@jalbum.net,Intern,Music Production Software Training,80
201,Giacopo,Plitz,gplitzpk@bluehost.com,Employee,Public Speaking Skills Training,99
202,Edik,Greneham,egrenehamqe@devhub.com,Employee,Digital Illustration Basics,99
203,Shelley,Gartin,sgartinl2@cbsnews.com,Intern,Personal Finance Management Strategies,80
204,Brook,Marquet,bmarquetbp@businessinsider.com,Employee,Interior Decorating Workshop,68
205,Rochette,Shay,rshay3i@ning.com,Employee,Web Design Principles,73
206,Ivor,Lurner,ilurner1s@over-blog.com,Employee,Gardening for Stress Relief,85
207,Ailsun,O'Crevy,aocrevygt@ocn.ne.jp,Employee,Event Marketing Strategies,100
208,Rina,Millward,rmillwardg4@google.com,Employee,Social Media Marketing Strategies,64
209,Timothy,Hobson,thobson64@baidu.com,Intern,E-commerce Business Strategies,64
210,Debera,Feldon,dfeldon1j@godaddy.com,Intern,Healthy Meal Prep Workshop,76
211,Federica,Tamsett,ftamsett3r@theglobeandmail.com,Intern,Art Therapy Workshop,91
212,Myca,Prater,mpraternz@amazonaws.com,Employee,Mindfulness in the Workplace Training,80
213,Annaliese,Sweetsur,asweetsurc4@google.es,Intern,Travel Planning and Budgeting,80
214,Artemus,Capp,acappdr@foxnews.com,Intern,Travel Photography Editing Techniques,65
215,Herrick,Hutfield,hhutfield8g@instagram.com,Intern,Event Marketing Strategies,95
216,Rhys,Cavolini,rcavolinifp@fema.gov,Intern,Career Transition and Job Search Strategies,74
217,Guthrie,Aylmer,gaylmerme@kickstarter.com,Intern,Machine Learning Fundamentals,87
218,Hestia,Tuley,htuleyke@w3.org,Intern,Event Marketing Strategies,63
219,Margery,Haskayne,mhaskaynefv@unicef.org,Intern,Gardening for Stress Relief,76
220,Bartel,Dinsmore,bdinsmore4r@columbia.edu,Employee,Human Resources Training and Development,69
221,Fanchon,Burgh,fburghq9@alexa.com,Intern,Healthy Meal Prep Workshop,60
222,Jessa,Wiskar,jwiskar8h@ocn.ne.jp,Employee,Cooking and Baking Masterclass,80
223,Quentin,Kehoe,qkehoe32@lulu.com,Intern,Human Resources Training and Development,64
224,Micaela,Persey,mpersey6y@fotki.com,Employee,Project Management Essentials,92
225,Eldridge,McDonagh,emcdonaghdm@boston.com,Employee,Time Management and Productivity Techniques,73
226,Xylina,Rout,xroutkr@skyrock.com,Intern,SEO Optimization Techniques,91
227,Loralee,Arnal,larnal3z@yolasite.com,Employee,Photography for Beginners,100
228,Archer,Yvens,ayvensc2@businessinsider.com,Intern,Public Speaking for Introverts,86
229,Antonio,Wade,awadedx@icq.com,Intern,Nutrition and Healthy Eating Habits,65
230,Rozina,Mecozzi,rmecozzi2w@newsvine.com,Employee,Gardening for Stress Relief,78
231,Hinda,Haberjam,hhaberjamfz@amazonaws.com,Intern,Interior Decorating Workshop,71
232,Harmony,Kleis,hkleisln@addtoany.com,Employee,Art History and Appreciation,87
233,Jimmie,Fold,jfoldgs@hatena.ne.jp,Employee,Music Marketing Strategies,77
234,Edsel,Gori,egoriiy@adobe.com,Intern,Project Management Essentials,89
235,Seward,Yewdall,syewdallar@princeton.edu,Employee,Public Health Fundamentals,100
236,Giustino,Plank,gplankaa@skyrock.com,Employee,Interior Design Principles,90
237,Dag,Ferreli,dferrelie2@washingtonpost.com,Employee,Customer Service Excellence Training,78
238,Alleen,Huckleby,ahucklebyqh@dagondesign.com,Intern,Product Management Essentials,95
239,Grove,Tiffany,gtiffanyre@state.tx.us,Employee,Sustainable Living Practices,80
240,Chuck,Grooby,cgroobykg@hubpages.com,Employee,Content Writing Masterclass,65
241,Anneliese,McPike,amcpikehy@wordpress.com,Intern,Introduction to Python Programming,95
242,Timotheus,Kellough,tkelloughjm@alibaba.com,Intern,Email Marketing Campaigns,64
243,Vally,Bettridge,vbettridgemz@sina.com.cn,Employee,Fashion Styling Techniques,93
244,Donielle,McAree,dmcaree53@joomla.org,Employee,Business Communication Skills Training,78
245,Sammie,Scorthorne,sscorthorne3m@mit.edu,Intern,Fitness Training Techniques,81
246,Thorstein,Newsome,tnewsomej2@disqus.com,Intern,Photography Lighting Techniques,100
247,Elfrieda,Hanner,ehannerd1@yellowbook.com,Employee,Email Marketing Campaigns,70
248,Kaia,McKeller,kmckellermt@buzzfeed.com,Intern,Fashion Branding and Marketing,84
249,Rickie,Flemming,rflemmingd5@noaa.gov,Intern,Music Theory Fundamentals,64
250,Rossy,Foley,rfoleymo@amazon.co.uk,Employee,Gardening for Beginners,94
251,Kale,Thalmann,kthalmanni6@quantcast.com,Intern,Mobile App Development Workshop,90
252,Weider,Woolard,wwoolard2y@barnesandnoble.com,Employee,Gardening for Sustainable Living,97
253,Loralie,Clemon,lclemonh3@mtv.com,Intern,Public Relations Strategies,67
254,Bo,Mcettrick,bmcettrick3@disqus.com,Intern,Social Media Marketing Strategies,93
255,Genevra,Lulham,glulham82@webeden.co.uk,Intern,Personal Branding Workshop,80
256,Joy,Pentony,jpentonyqw@amazon.com,Intern,Leadership Development Program,95
257,Thom,Peyro,tpeyrog8@examiner.com,Employee,Cooking and Baking Masterclass,99
258,Patrica,Cattermole,pcattermole6@domainmarket.com,Intern,Business Ethics and Corporate Responsibility,81
259,Denny,Allnatt,dallnattz@tumblr.com,Intern,Video Game Development Workshop,85
260,Rosana,Rentz,rrentz59@who.int,Intern,Video Game Development Workshop,81
261,Ettie,Adamsky,eadamskyab@issuu.com,Employee,Content Writing Masterclass,84
262,Derward,De la Yglesia,ddelayglesia42@blogger.com,Intern,Sustainable Fashion Principles,68
263,Hinda,Haberjam,hhaberjamfz@amazonaws.com,Intern,Business Communication Skills Training,79
264,Giustino,Plank,gplankaa@skyrock.com,Employee,Home Organization and Decluttering,96
265,Alleen,Huckleby,ahucklebyqh@dagondesign.com,Intern,Music Marketing Strategies,94
266,Artus,Meachem,ameachemol@theguardian.com,Employee,Email Marketing Campaigns,73
267,Allys,Barnfather,abarnfatherby@cnn.com,Employee,Home Organization and Decluttering,81
268,Meryl,Mastrantone,mmastrantone1w@sitemeter.com,Employee,Event Sponsorship and Partnerships,88
269,Kristoffer,Terzo,kterzo7j@stanford.edu,Employee,Fitness Training Techniques,92
270,Aluino,Heimes,aheimes5l@deviantart.com,Intern,Video Game Development Workshop,67
271,Danni,Beidebeke,dbeidebeke6h@printfriendly.com,Employee,Gardening for Sustainable Living,79
272,Cyndy,Romaint,cromaintp2@4shared.com,Intern,Event Sponsorship and Partnerships,77
273,Linea,Sandys,lsandysk3@howstuffworks.com,Intern,Fashion Design Basics,75
274,Gran,Habbert,ghabbertfe@oracle.com,Employee,Event Marketing Strategies,63
275,Guy,Linzee,glinzeeo1@amazon.com,Employee,Music Marketing Strategies,63
276,Donielle,McAree,dmcaree53@joomla.org,Employee,Mobile App Development Workshop,60
277,Joye,Limon,jlimonoe@facebook.com,Employee,Music Theory Fundamentals,91
278,Johnathon,Lampe,jlampe8j@irs.gov,Employee,Health and Wellness Coaching,91
279,Daniele,Siemens,dsiemens4w@sciencedirect.com,Employee,Fashion Branding and Marketing,70
280,Bradly,Kryska,bkryskaey@businesswire.com,Intern,Time Management and Productivity Techniques,71
281,Ignacius,Pretsell,ipretsell5b@e-recht24.de,Employee,Artificial Intelligence Fundamentals,100
282,Neil,Kilcoyne,nkilcoynefb@vkontakte.ru,Intern,Video Game Development Workshop,87
283,Benita,Durning,bdurning5g@blogs.com,Employee,Human Resources Recruitment and Selection,96
284,Lita,Kerin,lkerinay@creativecommons.org,Employee,Video Game Development Workshop,81
285,Shena,Grealey,sgrealeydw@google.cn,Employee,Healthy Dessert Recipes Workshop,96
286,Else,Arnaez,earnaez90@desdev.cn,Employee,Financial Planning for Beginners,87
287,Franny,Cullington,fcullingtonp8@dropbox.com,Intern,Health and Wellness Coaching,77
288,Joshuah,Darth,jdarth7n@devhub.com,Intern,Home Organization and Decluttering,85
289,Lissy,Ciccone,lcicconep9@1688.com,Employee,Personal Branding Workshop,91
290,Aluino,Heimes,aheimes5l@deviantart.com,Intern,Music Production Workshop,67
291,Kin,Glaum,kglaumhg@pinterest.com,Intern,Public Health Fundamentals,71
292,Harriott,Ruddy,hruddyo4@mozilla.com,Intern,Gardening for Beginners,83
293,Janel,Bearn,jbearnqa@purevolume.com,Employee,Digital Marketing Strategies,77
294,Crichton,Dowle,cdowlejh@nymag.com,Employee,Fashion Styling Techniques,87
295,Harriett,Aleksandrov,haleksandrovca@icq.com,Employee,Public Speaking Skills Training,95
296,Eleni,Hing,ehing4d@phpbb.com,Employee,Data Visualization Workshop,74
297,Annmaria,Barkly,abarklyn3@yandex.ru,Employee,Event Planning for Nonprofits,85
298,Caresse,Van Der Walt,cvanderwalth2@photobucket.com,Employee,Artificial Intelligence Fundamentals,95
299,Cher,Burdekin,cburdekin8y@auda.org.au,Employee,Sustainable Living Practices,99
300,Othella,Croall,ocroallgn@sphinn.com,Intern,E-commerce Business Strategies,90
301,Willabella,Wigfall,wwigfall69@nymag.com,Employee,Event Marketing Strategies,94
302,Abraham,Skupinski,askupinski4m@apple.com,Intern,UI/UX Design Principles,73
303,Parke,Beldam,pbeldamq6@craigslist.org,Intern,Entrepreneurship Fundamentals,64
304,Jan,Wycherley,jwycherley3p@webs.com,Employee,Sales Techniques and Strategies,64
305,Gus,Haseley,ghaseleyhk@facebook.com,Intern,Travel Photography Workshop,96
306,Maude,Hallgalley,mhallgalleyeq@cdc.gov,Intern,Fashion Branding and Marketing,86
307,Constantia,Symon,csymong@oakley.com,Employee,Social Media Marketing Strategies,79
308,Ralina,Aitchinson,raitchinsonqv@blogger.com,Employee,Content Writing Masterclass,73
309,Fania,Yewen,fyewenhi@bloglines.com,Intern,Personal Branding Workshop,70
310,Emmalynne,Baudinot,ebaudinot92@angelfire.com,Employee,Nutrition and Healthy Eating Habits,71
311,Murial,Rosengarten,mrosengartener@bloglines.com,Employee,Travel Photography Editing Techniques,68
312,Teodor,Preedy,tpreedy9k@rambler.ru,Intern,E-commerce Business Strategies,63
313,Briano,Redon,bredon6v@yelp.com,Intern,Social Media Marketing Strategies,79
314,Laureen,Burwell,lburwelln0@themeforest.net,Intern,Entrepreneurship Fundamentals,83
315,Hervey,Aronin,haronin41@hibu.com,Employee,Human Resources Recruitment and Selection,83
316,Katusha,Devin,kdevinka@economist.com,Intern,Fashion Merchandising Essentials,65
317,Gloria,Cricket,gcricketa7@wsj.com,Employee,Machine Learning Fundamentals,76
318,Prescott,Ceeley,pceeley4c@ftc.gov,Employee,E-commerce Business Strategies,68
319,Giovanna,Cranmer,gcranmerq8@japanpost.jp,Intern,Event Sponsorship and Partnerships,76
320,Samuel,Collington,scollington6r@bloglovin.com,Employee,Product Management Essentials,75
321,Gaynor,Bailiss,gbailissd7@house.gov,Intern,Fashion Design Basics,75
322,Parke,Beldam,pbeldamq6@craigslist.org,Intern,Human Resources Recruitment and Selection,78
323,Enid,Cowern,ecowern4l@gravatar.com,Intern,Cooking and Baking Masterclass,83
324,Connor,Bilbrook,cbilbrookk6@google.ca,Employee,Web Design Principles,96
325,Bradan,Seed,bseedbd@gravatar.com,Intern,SEO Optimization Techniques,62
326,Vivianna,Shreeves,vshreevesb1@friendfeed.com,Intern,Fashion Branding and Marketing,60
327,Tanhya,Tee,ttee9d@networkadvertising.org,Intern,Introduction to Python Programming,64
328,Jeane,Swaddle,jswaddleen@ca.gov,Employee,Digital Marketing Strategies,65
329,Loralie,Clemon,lclemonh3@mtv.com,Intern,Nutrition and Healthy Eating Habits,77
330,Anna,Yukhnev,ayukhnevik@buzzfeed.com,Employee,Travel Planning and Budgeting,74
331,Rutter,Uvedale,ruvedale8a@blogger.com,Intern,Video Editing Basics,80
332,Lucia,Cavy,lcavylj@webs.com,Intern,Music Composition and Songwriting,67
333,Donielle,McAree,dmcaree53@joomla.org,Employee,Customer Relationship Management Strategies,69
334,Johnathon,Lampe,jlampe8j@irs.gov,Employee,Interior Decorating Workshop,60
335,Constanta,Crouch,ccrouch91@yolasite.com,Employee,Cooking and Baking Masterclass,83
336,Rosalinde,Longland,rlongland2z@virginia.edu,Employee,Business Ethics and Corporate Responsibility,99
337,Herrick,Hutfield,hhutfield8g@instagram.com,Intern,Event Coordination and Logistics,70
338,Gerik,Abreheart,gabreheart13@apache.org,Employee,Time Management and Productivity Techniques,91
339,Damaris,Nellis,dnellispy@sfgate.com,Intern,Fashion Design Basics,93
340,Rickie,Flemming,rflemmingd5@noaa.gov,Intern,Public Relations Strategies,83
341,Karole,Espinola,kespinola5i@dell.com,Employee,Music Industry Trends and Insights,61
342,Diane-marie,Davidesco,ddavidescopw@dyndns.org,Employee,Event Planning for Nonprofits,87
343,Kristofer,Armell,karmell31@wikimedia.org,Employee,E-commerce Business Strategies,81
344,Laurene,Palfery,lpalferycn@ustream.tv,Employee,Business Communication Skills Training,75
345,Cate,Manders,cmandersc1@cpanel.net,Employee,Music Marketing Strategies,72
346,Harman,Prescote,hprescotei8@sina.com.cn,Employee,Web Design Principles,60
347,Roosevelt,Menham,rmenhamcb@theglobeandmail.com,Intern,Fashion Styling Techniques,92
348,Timothee,Whitewood,twhitewoodhl@reverbnation.com,Intern,Human Resources Training and Development,62
349,Benedikta,Mountford,bmountfordnp@miibeian.gov.cn,Intern,Gardening for Beginners,94
350,Ely,Rannald,erannaldu@mozilla.com,Employee,Public Health Fundamentals,92
351,Flinn,Marks,fmarksld@istockphoto.com,Employee,Interior Decorating Workshop,66
352,Yettie,Auger,yaugerrb@ft.com,Intern,Web Design Principles,99
353,Teador,Kneafsey,tkneafseyv@msu.edu,Intern,Product Management Essentials,84
354,Heall,Brassington,hbrassingtonat@intel.com,Intern,Art Therapy for Anxiety Relief,96
355,Marlena,O'Leahy,moleahyl1@digg.com,Intern,Email Marketing Campaigns,76
356,Perle,Fippe,pfippe33@cdbaby.com,Intern,Art Therapy for Anxiety Relief,87
357,Roxanne,Picardo,rpicardooo@i2i.jp,Intern,Cybersecurity Fundamentals,65
358,Chaddie,Samudio,csamudio2d@zimbio.com,Intern,Photography Editing Techniques,97
359,Kennith,Ealam,kealamam@seattletimes.com,Employee,Gardening for Sustainable Living,73
360,Myca,Prater,mpraternz@amazonaws.com,Employee,Email Marketing Campaigns,86
361,Ezri,Beckey,ebeckeyjz@cbc.ca,Employee,Gardening for Sustainable Living,69
362,Joy,Pentony,jpentonyqw@amazon.com,Intern,E-commerce Business Strategies,100
363,Iver,Tremonte,itremontef9@comcast.net,Employee,Graphic Design Basics,77
364,Gianni,Greenstreet,ggreenstreetlf@cdbaby.com,Employee,Interior Design Principles,67
365,Thom,Peyro,tpeyrog8@examiner.com,Employee,Data Science Bootcamp,84
366,Marisa,Bentame,mbentame2i@webeden.co.uk,Employee,Nutrition and Healthy Eating Habits,92
367,Queenie,Furniss,qfurnissaj@nifty.com,Intern,Data Visualization Workshop,96
368,Joy,Pentony,jpentonyqw@amazon.com,Intern,Mindfulness in the Workplace Training,91
369,Helaina,Dagwell,hdagwellp7@europa.eu,Employee,Public Health Fundamentals,64
370,Clara,Robus,crobus6t@spiegel.de,Intern,Customer Service Excellence Training,68
371,Gherardo,Joontjes,gjoontjesao@tripadvisor.com,Employee,Advanced Data Analysis Techniques,74
372,Ronnica,Swaton,rswatonk0@tamu.edu,Intern,Negotiation Skills Training,80
373,Katrine,Pagden,kpagdenbm@163.com,Intern,Public Speaking for Introverts,86
374,Terri-jo,Hosier,thosierhv@ca.gov,Intern,Human Resources Recruitment and Selection,69
375,Colver,Hannabuss,channabuss49@soundcloud.com,Intern,Sustainable Fashion Principles,99
376,Timothee,Willcocks,twillcocks9f@japanpost.jp,Employee,Data Science Bootcamp,86
377,Othella,Croall,ocroallgn@sphinn.com,Intern,Career Transition and Job Search Strategies,98
378,Nanice,Breslin,nbreslinmr@tumblr.com,Employee,Personal Finance Management Strategies,92
379,Row,Nursey,rnurseyr1@arizona.edu,Intern,Project Management Essentials,90
380,Risa,d' Elboux,rdelbouxs@nationalgeographic.com,Employee,Music Industry Trends and Insights,83
381,Melisandra,Najara,mnajara6n@clickbank.net,Intern,Personal Branding Workshop,60
382,Travers,Dowall,tdowallpv@slideshare.net,Intern,Event Coordination and Logistics,92
383,Elenore,Crain,ecrain37@prnewswire.com,Intern,Fashion Styling Techniques,75
384,Minni,Pavelka,mpavelka74@icq.com,Employee,Public Health Fundamentals,97
385,Hersch,Macvain,hmacvain84@vinaora.com,Intern,Travel Planning and Budgeting,90
386,Windy,Neat,wneat5d@wisc.edu,Employee,Personal Branding Workshop,88
387,Eustacia,Lainton,elainton78@friendfeed.com,Employee,Blockchain Technology Overview,85
388,Lorita,Mecozzi,lmecozzieo@gmpg.org,Intern,E-commerce Business Strategies,81
389,Phebe,Plowman,pplowmanad@bing.com,Intern,Yoga and Meditation Retreat,89
390,Lorita,Mecozzi,lmecozzieo@gmpg.org,Intern,Leadership Development Program,71
391,Marjy,Haldon,mhaldon3e@oracle.com,Intern,Web Development Bootcamp,97
392,Banky,Halladay,bhalladaygj@blogtalkradio.com,Intern,Music Marketing Strategies,98
393,Gus,Haseley,ghaseleyhk@facebook.com,Intern,Video Editing Basics,76
394,Edsel,Gori,egoriiy@adobe.com,Intern,Travel Writing Workshop,94
395,Heall,Brassington,hbrassingtonat@intel.com,Intern,Social Entrepreneurship Strategies,86
396,Wilie,Wellbeloved,wwellbelovedqg@blogspot.com,Employee,Mobile App Development Workshop,60
397,Sidoney,Moukes,smoukesqu@1und1.de,Intern,Sustainable Living Practices,85
398,Roberta,Baal,rbaalnh@arizona.edu,Intern,Art Therapy Workshop,83
399,Ilario,Devereux,idevereuxl@amazon.co.jp,Employee,Content Writing Masterclass,98
400,Isidoro,Brixham,ibrixhamnd@vinaora.com,Intern,Digital Illustration Basics,76
401,Marisa,Bentame,mbentame2i@webeden.co.uk,Employee,Career Transition and Job Search Strategies,68
402,Tracy,Seson,tseson1b@gravatar.com,Intern,Mobile App Development Workshop,77
403,Werner,Alps,walps1d@infoseek.co.jp,Employee,Fashion Branding and Marketing,61
404,Tomi,Risdall,trisdallpr@bbb.org,Intern,Product Management Essentials,76
405,Ettie,Adamsky,eadamskyab@issuu.com,Employee,Product Management Essentials,77
406,Gwenore,Wegenen,gwegenenpf@ask.com,Intern,Time Management and Productivity Techniques,81
407,Rosanne,Petriello,rpetriellojc@people.com.cn,Intern,Fashion Merchandising Essentials,80
408,Allyn,Everett,aeverettrq@nhs.uk,Employee,Cooking and Baking Masterclass,67
409,Zola,Chaplyn,zchaplyn2v@hhs.gov,Employee,Mindfulness in the Workplace Training,94
410,Vinny,Fforde,vffordedz@washingtonpost.com,Employee,Public Health Fundamentals,94
411,Job,Halliday,jhallidayfj@time.com,Employee,Travel Photography Workshop,66
412,Jermayne,Swinn,jswinn3x@ask.com,Employee,Photography for Beginners,87
413,Therine,Trevena,ttrevena7b@xing.com,Intern,Music Composition and Songwriting,79
414,Byrom,Leavey,bleaveyjf@icq.com,Intern,Machine Learning Fundamentals,86
415,Helaina,Trodden,htroddenoi@uiuc.edu,Employee,Public Speaking for Leaders,90
416,Theresa,Forcer,tforceri9@bravesites.com,Employee,Project Management Essentials,80
417,Mirabel,Cordle,mcordley@fastcompany.com,Intern,Music Industry Trends and Insights,71
418,Errick,O'Clery,eoclery6q@indiegogo.com,Employee,Mindfulness and Meditation Practices,65
419,Timothy,Hobson,thobson64@baidu.com,Intern,Fashion Design Basics,62
420,Trev,Sheilds,tsheildshw@fotki.com,Employee,Culinary Arts Masterclass,86
421,Herve,Chagg,hchaggfo@4shared.com,Intern,Data Visualization Workshop,84
422,Kaile,Beton,kbeton50@zdnet.com,Intern,Gardening and Landscaping Basics,99
423,Ramsey,Neubigin,rneubiginql@arizona.edu,Employee,Machine Learning Fundamentals,74
424,Fiorenze,Dunsford,fdunsford1k@symantec.com,Intern,Email Marketing Campaigns,65
425,Hillard,Heynel,hheyneloj@umn.edu,Employee,Interior Decorating Workshop,66
426,Shena,Grealey,sgrealeydw@google.cn,Employee,Yoga and Meditation Retreat,93
427,Cate,Meriet,cmeriet38@phoca.cz,Employee,Career Development and Planning,81
428,Barry,Tockell,btockelle0@blog.com,Intern,Project Management Essentials,82
429,Ivor,Lurner,ilurner1s@over-blog.com,Employee,Event Sponsorship and Partnerships,86
430,Lottie,Whybrow,lwhybrow8r@phoca.cz,Intern,Content Writing Masterclass,83
431,Malinda,Brandsen,mbrandsenda@jigsy.com,Employee,Travel Photography Editing Techniques,80
432,Robbin,Fennick,rfennick1c@4shared.com,Employee,Travel Planning and Budgeting,63
433,Tami,Griswood,tgriswoode5@plala.or.jp,Intern,Web Design Principles,90
434,Helaina,Dagwell,hdagwellp7@europa.eu,Employee,Financial Planning for Beginners,83
435,Laney,Scopham,lscopham3g@last.fm,Intern,Healthy Meal Prep Workshop,70
436,Zita,Bullier,zbullierhq@wikimedia.org,Intern,SEO Optimization Techniques,70
437,Zolly,Zanicchi,zzanicchirg@infoseek.co.jp,Intern,Career Transition and Job Search Strategies,96
438,Alvy,Hendrichs,ahendrichsbz@shinystat.com,Employee,Nutrition and Healthy Eating Habits,89
439,Tamiko,Rawlence,trawlencegy@admin.ch,Intern,Fitness Training Techniques,61
440,Ely,Rannald,erannaldu@mozilla.com,Employee,Public Speaking Skills Training,81
441,Dinnie,Carss,dcarssjp@weebly.com,Employee,Fashion Styling Techniques,87
442,Gabriello,Westmancoat,gwestmancoat98@slate.com,Employee,Career Transition and Job Search Strategies,96
443,Benedikta,Mountford,bmountfordnp@miibeian.gov.cn,Intern,UI/UX Design Principles,66
444,Anastasia,Kennerknecht,akennerknechtkf@ox.ac.uk,Intern,Human Resources Recruitment and Selection,65
445,Starla,Cufley,scufleyoz@upenn.edu,Employee,UI/UX Design Principles,62
446,Abe,Di Francesco,adifrancescoe7@163.com,Employee,Music Industry Trends and Insights,82
447,Oona,Tante,otantelo@smugmug.com,Intern,Human Resources Training and Development,89
448,Marjie,Mulqueeny,mmulqueenykc@wordpress.com,Employee,Machine Learning Fundamentals,96
449,Juana,Gotthard.sf,jgotthardsfb2@who.int,Intern,Introduction to Python Programming,93
450,Lottie,Whybrow,lwhybrow8r@phoca.cz,Intern,Cybersecurity Fundamentals,90
451,Carmencita,Guilloton,cguillotonns@xrea.com,Intern,Email Marketing Campaigns,75
452,Minni,Pavelka,mpavelka74@icq.com,Employee,Career Development and Planning,77
453,Costanza,Baum,cbaumb7@cargocollective.com,Employee,Travel Writing Workshop,81
454,Ailey,Di Roberto,adirobertoah@nba.com,Employee,Sales Techniques and Strategies,95
455,Thom,Peyro,tpeyrog8@examiner.com,Employee,SEO Optimization Techniques,99
456,Loralie,Clemon,lclemonh3@mtv.com,Intern,Music Theory Fundamentals,97
457,Katlin,Dumper,kdumperqp@amazon.co.uk,Intern,Digital Marketing Strategies,97
458,Lucia,Cavy,lcavylj@webs.com,Intern,Self-Care and Stress Management Techniques,79
459,Vinny,Fforde,vffordedz@washingtonpost.com,Employee,Sales Techniques and Strategies,66
460,Herve,Chagg,hchaggfo@4shared.com,Intern,Mindfulness in the Workplace Training,64
461,Jackie,Gallant,jgallant93@storify.com,Intern,Business Ethics and Corporate Responsibility,85
462,Shermie,Morrilly,smorrillykt@devhub.com,Employee,Public Speaking for Introverts,69
463,Katrine,Pagden,kpagdenbm@163.com,Intern,Sales Techniques and Strategies,95
464,Ugo,Darlison,udarlisonri@exblog.jp,Employee,Music Production Workshop,98
465,Angelo,Snellman,asnellmanlm@economist.com,Employee,Music Marketing Strategies,68
466,Bondon,Tomasino,btomasinonj@apple.com,Employee,Travel Writing Workshop,72
467,Colin,Van Merwe,cvanmerweok@netlog.com,Intern,Music Production Software Training,97
468,Cammi,Bonds,cbonds5o@jalbum.net,Intern,Content Writing Masterclass,78
469,Cross,Brandacci,cbrandaccing@eventbrite.com,Employee,Self-Care and Stress Management Techniques,100
470,Luigi,Lief,lliefir@spotify.com,Employee,Event Planning for Nonprofits,83
471,Meagan,Fordham,mfordhamro@google.de,Employee,Video Game Development Workshop,85
472,Joy,Pentony,jpentonyqw@amazon.com,Intern,Culinary Arts Masterclass,89
473,Gerik,Abreheart,gabreheart13@apache.org,Employee,Public Health Fundamentals,61
474,Gelya,Dyble,gdyble9h@ovh.net,Intern,Advanced Data Analysis Techniques,77
475,Katlin,Dumper,kdumperqp@amazon.co.uk,Intern,Career Transition and Job Search Strategies,76
476,Thayne,Canas,tcanasq@amazonaws.com,Intern,UI/UX Design Principles,84
477,Claudio,Farncombe,cfarncombemi@boston.com,Employee,Music Production Software Training,85
478,Guthry,Aubury,gaubury9x@unc.edu,Employee,Culinary Arts Masterclass,99
479,Wayne,Lewens,wlewensde@nhs.uk,Intern,Healthy Smoothie Recipes Workshop,89
480,Othella,Croall,ocroallgn@sphinn.com,Intern,Negotiation Skills Training,85
481,Mab,Geeves,mgeevesrm@miibeian.gov.cn,Intern,Web Design Principles,63
482,Sawyere,Lilian,slilianw@bandcamp.com,Employee,Product Management Essentials,77
483,Shandra,Dracksford,sdracksfordqo@mysql.com,Employee,Music Composition and Songwriting,74
484,Herve,Chagg,hchaggfo@4shared.com,Intern,Human Resources Training and Development,86
485,Kellia,Michelin,kmichelinh8@utexas.edu,Intern,Public Relations Strategies,91
486,Ellswerth,Surridge,esurridge8u@meetup.com,Intern,Gardening and Landscaping Basics,74
487,Sandie,Kembery,skemberyf1@unesco.org,Intern,Mindfulness and Meditation Practices,68
488,Pancho,Marian,pmarian3o@tinyurl.com,Intern,Networking and Security Fundamentals,72
489,Marcy,Kinvan,mkinvanjx@1und1.de,Employee,Travel Writing Workshop,75
490,Ely,Rannald,erannaldu@mozilla.com,Employee,Event Planning for Nonprofits,92
491,Parke,Beldam,pbeldamq6@craigslist.org,Intern,Digital Marketing Strategies,61
492,Grazia,Eades,geadeso0@ibm.com,Intern,E-commerce Business Strategies,99
493,Agathe,Simms,asimms81@sourceforge.net,Employee,Customer Relationship Management Strategies,71
494,Kaylyn,Mitrikhin,kmitrikhinh@forbes.com,Employee,Data Visualization Workshop,71
495,Petronella,Jardein,pjardein3w@nature.com,Employee,Culinary Arts Masterclass,63
496,Erinn,Abadam,eabadamnw@economist.com,Intern,Customer Relationship Management Strategies,75
497,Miguelita,Fellnee,mfellnee3k@geocities.jp,Employee,Interior Design Principles,84
498,Grace,Kemmis,gkemmis6a@sogou.com,Intern,Public Speaking for Leaders,70
499,Mollie,Sale,msaleor@moonfruit.com,Employee,Mobile App Development Workshop,82
500,Adolpho,Rissom,arissomn@squarespace.com,Intern,SEO Optimization Techniques,81
501,Aldin,Ivakin,aivakinex@github.io,Intern,Photography Lighting Techniques,97
502,Marisa,Bentame,mbentame2i@webeden.co.uk,Employee,Cooking and Baking Masterclass,91
503,Grove,Tiffany,gtiffanyre@state.tx.us,Employee,Event Coordination and Logistics,97
504,Travers,Dowall,tdowallpv@slideshare.net,Intern,Mindfulness and Meditation Practices,61
505,Alaster,Lashford,alashfordr9@zimbio.com,Employee,Nutrition and Healthy Eating Habits,70
506,Werner,Alps,walps1d@infoseek.co.jp,Employee,Music Production Software Training,69
507,Philippine,Showers,pshowers62@latimes.com,Employee,Business Communication Skills Training,87
508,Sammie,Scorthorne,sscorthorne3m@mit.edu,Intern,Sales Techniques and Strategies,98
509,Tedman,Dulinty,tdulintyr7@technorati.com,Intern,SEO Optimization Techniques,93
510,Dylan,Santorini,dsantoriniku@discuz.net,Employee,Interior Decorating Workshop,74
511,Nichol,Loy,nloyft@wufoo.com,Employee,Music Production Software Training,70
512,Ania,Crossley,acrossley4v@japanpost.jp,Employee,Blockchain Technology Overview,98
513,Mercedes,Oliva,molivaq3@umn.edu,Intern,Social Media Marketing Strategies,62
514,Mia,Pendered,mpendered8p@homestead.com,Employee,Career Transition and Job Search Strategies,90
515,Genevra,Lulham,glulham82@webeden.co.uk,Intern,Career Development and Planning,100
516,Annadiana,Skellorne,askellorneog@1und1.de,Employee,Photography for Beginners,99
517,Abdel,MacKaile,amackaileqj@jimdo.com,Intern,Public Speaking for Leaders,83
518,Chloette,Crathorne,ccrathornej@buzzfeed.com,Intern,Creative Writing Workshop,79
519,Kris,Antyukhin,kantyukhin7p@cam.ac.uk,Intern,Gardening for Stress Relief,67
520,Flor,Bocock,fbocockfx@usda.gov,Intern,Customer Service Excellence Training,98
521,Banky,Halladay,bhalladaygj@blogtalkradio.com,Intern,Content Writing Masterclass,78
522,Coleman,Trevor,ctrevorcf@nydailynews.com,Employee,Mobile App Development Workshop,81
523,Risa,d' Elboux,rdelbouxs@nationalgeographic.com,Employee,Fashion Merchandising Essentials,61
524,Hamish,Laweles,hlaweles83@creativecommons.org,Intern,Networking and Security Fundamentals,94
525,Teador,Kneafsey,tkneafseyv@msu.edu,Intern,Travel Writing Workshop,67
526,Cassey,Alenikov,calenikovo7@list-manage.com,Intern,Sustainable Fashion Principles,66
527,Teador,Kneafsey,tkneafseyv@msu.edu,Intern,Negotiation Skills Training,83
528,Jarib,Cescon,jcescon8q@hibu.com,Intern,Human Resources Recruitment and Selection,62
529,Gran,Habbert,ghabbertfe@oracle.com,Employee,Human Resources Recruitment and Selection,61
530,Tades,Petriello,tpetrielloqy@fema.gov,Intern,Customer Service Excellence Training,74
531,Arv,Walley,awalleyet@tuttocitta.it,Intern,Product Management Essentials,87
532,Freddy,Giovanazzi,fgiovanazzia6@vkontakte.ru,Intern,Culinary Arts Masterclass,69
533,Lewie,Bantick,lbantickpm@google.com.au,Intern,Fashion Merchandising Essentials,87
534,Winona,Howard - Gater,whowardgater3b@xinhuanet.com,Employee,Product Management Essentials,78
535,Marris,Mutton,mmuttonj9@google.es,Intern,Art History and Appreciation,87
536,Carmine,Seegar,cseegarrj@smh.com.au,Employee,Public Relations Strategies,78
537,Annmaria,Barkly,abarklyn3@yandex.ru,Employee,Machine Learning Fundamentals,74
538,Andris,Kasman,akasmankk@moonfruit.com,Intern,Music Composition and Songwriting,88
539,Kaylyn,Mitrikhin,kmitrikhinh@forbes.com,Employee,Travel Writing Workshop,95
540,Rhys,Cavolini,rcavolinifp@fema.gov,Intern,Career Transition and Job Search Strategies,60
541,Shelley,Gartin,sgartinl2@cbsnews.com,Intern,Travel Writing Workshop,67
542,Arlette,Grieg,agriegp6@columbia.edu,Intern,Gardening for Sustainable Living,64
543,Enid,Cowern,ecowern4l@gravatar.com,Intern,Fashion Merchandising Essentials,79
544,Lydon,McCarrell,lmccarrell7t@multiply.com,Employee,Art Therapy Workshop,91
545,Matilda,Andrault,mandrault6f@hatena.ne.jp,Employee,Interior Decorating Workshop,62
546,Jemima,Dowty,jdowty9t@kickstarter.com,Employee,Event Planning for Nonprofits,92
547,Pavel,Syphas,psyphas1h@reddit.com,Employee,Art History and Appreciation,80
548,Cher,Burdekin,cburdekin8y@auda.org.au,Employee,Fashion Branding and Marketing,92
549,Clair,Polamontayne,cpolamontaynehm@youtu.be,Intern,Creative Writing Workshop,84
550,Beverie,Domino,bdomino4p@hud.gov,Intern,Career Transition and Job Search Strategies,76
551,Orella,Stephens,ostephens3t@issuu.com,Employee,Entrepreneurship Fundamentals,63
552,Harman,Prescote,hprescotei8@sina.com.cn,Employee,Fashion Branding and Marketing,88
553,Brook,Marquet,bmarquetbp@businessinsider.com,Employee,Data Visualization Workshop,71
554,Rutledge,Cluelow,rcluelowck@is.gd,Employee,Financial Planning for Beginners,73
555,Katuscha,Goodbur,kgoodburkp@businessinsider.com,Intern,Fashion Design Basics,60
556,Patrica,Cattermole,pcattermole6@domainmarket.com,Intern,Nutrition and Healthy Eating Habits,79
557,Arliene,Chaplain,achaplainrn@tmall.com,Intern,Travel Photography Workshop,60
558,Ugo,Darlison,udarlisonri@exblog.jp,Employee,Digital Illustration Basics,60
559,Gerladina,Peaddie,gpeaddieqx@omniture.com,Intern,Healthy Dessert Recipes Workshop,93
560,Bartel,Dinsmore,bdinsmore4r@columbia.edu,Employee,Mindfulness and Meditation Practices,96
561,Matilda,Andrault,mandrault6f@hatena.ne.jp,Employee,E-commerce Business Strategies,81
562,Ludvig,Presidey,lpresideyqi@elegantthemes.com,Employee,Fashion Styling Techniques,99
563,Shelley,Gartin,sgartinl2@cbsnews.com,Intern,Business Ethics and Corporate Responsibility,83
564,Murial,Rosengarten,mrosengartener@bloglines.com,Employee,Video Game Development Workshop,97
565,L;urette,Kosel,lkoselmu@businesswire.com,Employee,Content Writing Masterclass,94
566,Raye,Vargas,rvargasid@ehow.com,Intern,SEO Optimization Techniques,69
567,Alyda,Maier,amaier6p@edublogs.org,Intern,Gardening and Landscaping Basics,78
568,Merrili,Cartan,mcartan4a@wikispaces.com,Employee,Data Science Bootcamp,79
569,Corella,Elfe,celfefi@amazonaws.com,Employee,Data Science Bootcamp,86
570,Benjamin,Pomroy,bpomroy18@europa.eu,Employee,Healthy Meal Prep Workshop,97
571,Caresse,Van Der Walt,cvanderwalth2@photobucket.com,Employee,Event Sponsorship and Partnerships,97
572,Coralyn,Dickie,cdickied8@imageshack.us,Employee,E-commerce Business Strategies,74
573,Theresa,Forcer,tforceri9@bravesites.com,Employee,Negotiation Skills Training,95
574,Clarabelle,Martinot,cmartinotoa@fema.gov,Employee,Artificial Intelligence Fundamentals,85
575,Cate,Brunini,cbruninilq@lulu.com,Intern,Healthy Meal Prep Workshop,82
576,Emerson,Heineking,eheinekingq1@friendfeed.com,Intern,Personal Finance Management Strategies,88
577,Cristi,Omond,comond6j@friendfeed.com,Employee,Email Marketing Campaigns,70
578,Julie,Casajuana,jcasajuanain@jalbum.net,Employee,Mindfulness in the Workplace Training,62
579,Gloria,Cricket,gcricketa7@wsj.com,Employee,Personal Finance Management Strategies,62
580,Marabel,Hattam,mhattami0@seesaa.net,Intern,Human Resources Management Fundamentals,79
581,Lesli,Ajam,lajam5s@mozilla.org,Employee,Public Speaking for Leaders,74
582,Timotheus,Storms,tstormsfs@cbslocal.com,Intern,Customer Relationship Management Strategies,72
583,Carlye,Lapenna,clapennafg@joomla.org,Employee,Cooking and Baking Masterclass,80
584,Jan,Pudden,jpuddencx@buzzfeed.com,Intern,Negotiation Skills Training,99
585,Harman,Prescote,hprescotei8@sina.com.cn,Employee,Art Therapy for Anxiety Relief,74
586,Loralie,Clemon,lclemonh3@mtv.com,Intern,Mindfulness and Meditation Practices,76
587,Auberon,Verralls,averrallsea@dmoz.org,Intern,Fashion Merchandising Essentials,86
588,Elberta,Wessel,ewesselau@dot.gov,Employee,Mindfulness in the Workplace Training,65
589,Jude,Preuvost,jpreuvost9j@webeden.co.uk,Employee,Event Planning for Nonprofits,83
590,Marja,Edgehill,medgehillkv@hibu.com,Employee,Public Speaking for Leaders,84
591,Hurley,Empleton,hempleton2n@barnesandnoble.com,Intern,Human Resources Recruitment and Selection,64
592,Briana,Hasnip,bhasnipa9@mashable.com,Employee,Interior Design Principles,99
593,Malinda,Brandsen,mbrandsenda@jigsy.com,Employee,Public Relations Strategies,83
594,Marjy,Haldon,mhaldon3e@oracle.com,Intern,Fashion Styling Techniques,85
595,Hamish,Laweles,hlaweles83@creativecommons.org,Intern,Gardening for Sustainable Living,65
596,Constantine,Fazzioli,cfazziolimx@google.co.uk,Employee,Social Media Marketing Strategies,86
597,Mireielle,Hare,mhare5w@bandcamp.com,Employee,Photography for Beginners,88
598,Elfrieda,Hanner,ehannerd1@yellowbook.com,Employee,Social Entrepreneurship Strategies,93
599,Emyle,Szwandt,eszwandtfm@ted.com,Employee,Health and Wellness Coaching,92
600,Grady,Yanov,gyanov8m@timesonline.co.uk,Employee,Fitness Training Techniques,83
601,Gerald,Sacase,gsacasecz@smugmug.com,Employee,Customer Relationship Management Strategies,66
602,Willie,Sharer,wsharer4f@histats.com,Employee,Social Entrepreneurship Strategies,64
603,Brose,Boni,bbonig3@kickstarter.com,Employee,Gardening for Beginners,80
604,Myrtice,Adlam,madlam56@sbwire.com,Intern,Video Editing Basics,99
605,Nehemiah,Ragg,nraggkh@github.io,Employee,Music Composition and Songwriting,81
606,Valentine,Jeacocke,vjeacockean@dion.ne.jp,Employee,Gardening for Stress Relief,81
607,Nicolette,McCarty,nmccarty2r@altervista.org,Intern,Gardening for Sustainable Living,78
608,Xylia,Pratchett,xpratchetths@vimeo.com,Employee,Travel Writing Workshop,78
609,Lawton,Sheepy,lsheepy6s@smh.com.au,Employee,Fitness Training Techniques,92
610,Christalle,Shucksmith,cshucksmithiz@freewebs.com,Employee,Project Management Essentials,67
611,Shandra,Dracksford,sdracksfordqo@mysql.com,Employee,Sustainable Living Practices,96
612,Puff,Vallens,pvallensg7@blinklist.com,Intern,Financial Literacy and Investment Strategies,87
613,Arlette,Grieg,agriegp6@columbia.edu,Intern,Public Speaking for Leaders,90
614,Nicolette,McCarty,nmccarty2r@altervista.org,Intern,Business Ethics and Corporate Responsibility,74
615,Neil,Kilcoyne,nkilcoynefb@vkontakte.ru,Intern,Interior Decorating Workshop,67
616,Rutledge,Cluelow,rcluelowck@is.gd,Employee,Gardening and Landscaping Basics,91
617,Teador,Kneafsey,tkneafseyv@msu.edu,Intern,Gardening for Sustainable Living,98
618,Welbie,Farnin,wfarninjy@toplist.cz,Intern,Introduction to Python Programming,74
619,Leonid,Pettersen,lpettersenjd@thetimes.co.uk,Intern,E-commerce Business Strategies,98
620,Elberta,Wessel,ewesselau@dot.gov,Employee,Creative Writing Workshop,82
621,Magnum,Luppitt,mluppittd0@odnoklassniki.ru,Employee,Cooking and Baking Masterclass,77
622,Mirabel,Matyashev,mmatyashevpx@shinystat.com,Intern,Nutrition and Healthy Eating Habits,85
623,Bengt,Paslow,bpaslowio@bandcamp.com,Intern,Machine Learning Fundamentals,62
624,Xaviera,Pook,xpookom@ft.com,Intern,Human Resources Training and Development,97
625,Ottilie,O'Dyvoy,oodyvoygz@nydailynews.com,Employee,Personal Branding Workshop,78
626,Arv,Walley,awalleyet@tuttocitta.it,Intern,Fashion Branding and Marketing,84
627,Ugo,Darlison,udarlisonri@exblog.jp,Employee,SEO Optimization Techniques,95
628,Davide,Abrahamson,dabrahamson2g@oakley.com,Intern,SEO Optimization Techniques,91
629,Lynne,Rogan,lrogan6i@baidu.com,Intern,Public Relations Strategies,78
630,Netty,Elletson,nelletson7x@reference.com,Employee,Cybersecurity Fundamentals,71
631,Viola,Coronado,vcoronado5z@newyorker.com,Employee,SEO Optimization Techniques,92
632,Alyse,Giercke,agierckeqr@nymag.com,Intern,Healthy Dessert Recipes Workshop,64
633,Jecho,Passman,jpassmanj6@pinterest.com,Intern,Social Entrepreneurship Strategies,95
634,Puff,Vallens,pvallensg7@blinklist.com,Intern,Healthy Smoothie Recipes Workshop,73
635,Shawnee,Koppe,skoppekd@skype.com,Employee,Data Visualization Workshop,87
636,Carmine,Seegar,cseegarrj@smh.com.au,Employee,Self-Care and Stress Management Techniques,76
637,Kristofer,Armell,karmell31@wikimedia.org,Employee,Project Management Essentials,78
638,Marketa,Iddiens,middiens9r@liveinternet.ru,Employee,Yoga and Meditation Retreat,92
639,Granville,Han,ghanm6@apache.org,Employee,Sustainable Fashion Principles,61
640,Rudolfo,Croll,rcrollbl@dedecms.com,Intern,Introduction to Python Programming,83
641,Eleanora,Menilove,emenilovedd@mozilla.org,Employee,Public Relations Strategies,82
642,Joya,Hamlen,jhamlen9c@dedecms.com,Employee,Introduction to Python Programming,97
643,Maurie,Grugerr,mgrugerrbo@nsw.gov.au,Intern,Fashion Merchandising Essentials,82
644,Chelsy,Boddie,cboddiena@bluehost.com,Employee,Financial Planning for Beginners,69
645,Lynette,Northin,lnorthin7w@archive.org,Employee,Public Health Fundamentals,66
646,Hamish,Laweles,hlaweles83@creativecommons.org,Intern,Interior Decorating Workshop,92
647,Clarabelle,Martinot,cmartinotoa@fema.gov,Employee,Negotiation Skills Training,94
648,Quentin,Kehoe,qkehoe32@lulu.com,Intern,Music Production Software Training,81
649,Dayle,Sailer,dsailer4i@buzzfeed.com,Intern,Fashion Styling Techniques,70
650,Vidovic,Rash,vrashit@mysql.com,Intern,Event Coordination and Logistics,62
651,Mab,Barker,mbarkergb@google.ru,Employee,SEO Optimization Techniques,64
652,Boonie,Raspel,braspel23@tmall.com,Employee,Data Visualization Workshop,83
653,Brigham,Maltster,bmaltsterf2@upenn.edu,Intern,Culinary Arts Masterclass,84
654,Willie,Sharer,wsharer4f@histats.com,Employee,Customer Relationship Management Strategies,67
655,Michal,Dinesen,mdinesena0@unblog.fr,Employee,Music Marketing Strategies,99
656,Theresita,Cornels,tcornelsqf@google.nl,Employee,Human Resources Training and Development,85
657,Samaria,Blaszczak,sblaszczaklh@google.co.uk,Employee,Interior Design Principles,84
658,Any,Hastilow,ahastilowl4@ox.ac.uk,Employee,Career Development and Planning,94
659,Dinnie,Carss,dcarssjp@weebly.com,Employee,Public Health Fundamentals,69
660,Ker,Blackaby,kblackabyc9@ted.com,Intern,Public Health Fundamentals,83
661,Erinn,Abadam,eabadamnw@economist.com,Intern,Video Game Development Workshop,74
662,Holli,Boughey,hbougheypu@bloomberg.com,Intern,Healthy Dessert Recipes Workshop,67
663,Tanhya,Tee,ttee9d@networkadvertising.org,Intern,Public Relations Strategies,68
664,Keely,Courtliff,kcourtliff5t@123-reg.co.uk,Intern,Personal Finance Management Strategies,66
665,Sherwynd,Dalgety,sdalgetymn@nytimes.com,Employee,Leadership Development Program,63
666,Maurita,Leemans,mleemanskl@nifty.com,Employee,Customer Service Excellence Training,94
667,Galen,Tregido,gtregido8o@fotki.com,Employee,Event Coordination and Logistics,89
668,Winnie,Keal,wkealc7@redcross.org,Intern,Photography Editing Techniques,92
669,Magnum,Luppitt,mluppittd0@odnoklassniki.ru,Employee,Personal Branding Workshop,61
670,Boonie,Temperton,btemperton3d@slashdot.org,Employee,Leadership Development Program,93
671,Carry,Hause,chause2m@so-net.ne.jp,Employee,Public Health Fundamentals,62
672,Cortney,Dumbrill,cdumbrillif@hp.com,Employee,Event Marketing Strategies,92
673,Jeralee,Allen,jallen1v@dagondesign.com,Employee,Fashion Design Basics,90
674,Kale,Thalmann,kthalmanni6@quantcast.com,Intern,Music Production Software Training,60
675,Wallie,Wathan,wwathank8@europa.eu,Employee,Gardening for Stress Relief,75
676,Mayer,Penrose,mpenroseg9@dion.ne.jp,Intern,Data Science Bootcamp,88
677,Christalle,Shucksmith,cshucksmithiz@freewebs.com,Employee,Advanced Data Analysis Techniques,95
678,Clarabelle,Martinot,cmartinotoa@fema.gov,Employee,SEO Optimization Techniques,78
679,Axel,Thorley,athorleymd@google.com,Intern,Business Communication Skills Training,99
680,Marketa,Iddiens,middiens9r@liveinternet.ru,Employee,Negotiation Skills Training,90
681,Willabella,Wigfall,wwigfall69@nymag.com,Employee,Project Management Essentials,98
682,Gran,Habbert,ghabbertfe@oracle.com,Employee,Personal Branding Workshop,69
683,Nariko,Peyro,npeyro20@yale.edu,Intern,Public Speaking for Introverts,91
684,Brana,Stockall,bstockall12@ebay.co.uk,Intern,Negotiation Skills Training,93
685,Ivor,Lurner,ilurner1s@over-blog.com,Employee,Personal Finance Management Strategies,68
686,Janel,Bearn,jbearnqa@purevolume.com,Employee,Art Therapy for Anxiety Relief,87
687,Kris,Antyukhin,kantyukhin7p@cam.ac.uk,Intern,Web Design Principles,64
688,Byrom,Leavey,bleaveyjf@icq.com,Intern,Mobile App Development Workshop,77
689,Laureen,Burwell,lburwelln0@themeforest.net,Intern,Human Resources Training and Development,60
690,Carry,Hause,chause2m@so-net.ne.jp,Employee,Music Theory Fundamentals,60
691,Alane,Vasilic,avasilicgh@nydailynews.com,Intern,Public Speaking for Leaders,86
692,Timothee,Willcocks,twillcocks9f@japanpost.jp,Employee,Time Management and Productivity Techniques,62
693,Frans,Balk,fbalklc@columbia.edu,Employee,Financial Planning for Beginners,74
694,Osbourn,Soldi,osoldima@etsy.com,Employee,Digital Illustration Basics,95
695,Salvatore,Catcheside,scatcheside7a@umich.edu,Employee,Advanced Data Analysis Techniques,84
696,Kennan,Tanguy,ktanguyib@last.fm,Intern,Travel Planning and Budgeting,66
697,Dorie,Buckerfield,dbuckerfieldew@dell.com,Employee,Financial Planning for Beginners,90
698,Archer,Melarkey,amelarkey2c@umich.edu,Employee,Fashion Branding and Marketing,65
699,Warner,Lindores,wlindores8e@macromedia.com,Employee,Art Therapy for Anxiety Relief,99
700,Florri,Snead,fsneadgk@census.gov,Employee,Photography Editing Techniques,90
701,Camey,Kettley,ckettley22@twitter.com,Intern,Music Marketing Strategies,74
702,Nichol,Loy,nloyft@wufoo.com,Employee,Product Management Essentials,99
703,Nertie,MacVay,nmacvay4n@sphinn.com,Employee,Social Entrepreneurship Strategies,92
704,Annaliese,Sweetsur,asweetsurc4@google.es,Intern,Fashion Branding and Marketing,92
705,Tristan,Theobold,ttheoboldcl@scribd.com,Employee,Music Production Software Training,90
706,Binny,Forrestor,bforrestorov@reddit.com,Employee,Public Speaking for Leaders,88
707,Ker,Hanse,khanselp@nytimes.com,Employee,Personal Finance Management Strategies,68
708,Elberta,Wessel,ewesselau@dot.gov,Employee,Gardening for Stress Relief,98
709,Willabella,Wigfall,wwigfall69@nymag.com,Employee,Public Relations Strategies,96
710,Josiah,Silber,jsilberjn@sitemeter.com,Employee,Leadership Development Program,86
711,Glori,Troubridge,gtroubridgeij@nymag.com,Intern,Fashion Branding and Marketing,77
712,Pancho,Dubery,pduberynr@hugedomains.com,Intern,Data Visualization Workshop,91
713,Missie,Rope,mropee9@cbslocal.com,Intern,Mobile App Development Workshop,77
714,Luigi,Lief,lliefir@spotify.com,Employee,Event Planning for Nonprofits,70
715,Samaria,Blaszczak,sblaszczaklh@google.co.uk,Employee,Digital Marketing Analytics,76
716,Weider,Woolard,wwoolard2y@barnesandnoble.com,Employee,Event Marketing Strategies,81
717,Juana,Lamzed,jlamzedef@wikia.com,Employee,Photography Lighting Techniques,89
718,Hersch,Macvain,hmacvain84@vinaora.com,Intern,Interior Decorating Workshop,60
719,Lucio,Sucre,lsucrera@weebly.com,Employee,Financial Planning for Beginners,81
720,Madeleine,Leggett,mleggettlg@nbcnews.com,Employee,Fashion Styling Techniques,76
721,Rosalynd,Carn,rcarndn@sakura.ne.jp,Intern,Cybersecurity Fundamentals,80
722,Craggie,Norree,cnorreegu@noaa.gov,Employee,Gardening for Stress Relief,87
723,Marjy,Haldon,mhaldon3e@oracle.com,Intern,Public Speaking for Leaders,98
724,Briana,Hasnip,bhasnipa9@mashable.com,Employee,Video Game Development Workshop,84
725,Arlette,Grieg,agriegp6@columbia.edu,Intern,Music Marketing Strategies,71
726,Lulu,Elmhirst,lelmhirst6u@hubpages.com,Employee,Video Game Development Workshop,96
727,Florida,Chaperling,fchaperlingfy@twitpic.com,Employee,Art Therapy Workshop,80
728,Leticia,Abramcik,labramcik6k@jimdo.com,Employee,Music Production Software Training,69
729,Adora,Brushneen,abrushneenhd@de.vu,Employee,Art Therapy Workshop,99
730,Rory,De Vaux,rdevauxli@admin.ch,Employee,Customer Relationship Management Strategies,90
731,Marabel,Hattam,mhattami0@seesaa.net,Intern,Mobile App Development Workshop,89
732,Dag,Ferreli,dferrelie2@washingtonpost.com,Employee,Home Organization and Decluttering,79
733,Patten,MacMickan,pmacmickan66@51.la,Intern,Gardening for Sustainable Living,74
734,Daphene,Garfoot,dgarfootbc@geocities.com,Employee,Time Management and Productivity Techniques,81
735,Coralyn,Dickie,cdickied8@imageshack.us,Employee,Cybersecurity Fundamentals,90
736,Aloysia,Relton,areltonpj@yolasite.com,Employee,Gardening for Beginners,75
737,Jenna,Itzhayek,jitzhayeklx@nasa.gov,Intern,Art Therapy Workshop,84
738,Therine,Trevena,ttrevena7b@xing.com,Intern,Travel Planning and Budgeting,85
739,Jason,Ber,jbercu@w3.org,Employee,Data Science Bootcamp,90
740,Margarethe,Jerke,mjerke15@google.ru,Employee,E-commerce Business Strategies,82
741,Bob,Hollow,bhollow4k@webnode.com,Intern,Travel Planning and Budgeting,67
742,Xymenes,Keedwell,xkeedwell2x@free.fr,Intern,Interior Decorating Workshop,100
743,Zora,Landsbury,zlandsbury70@trellian.com,Employee,Video Game Development Workshop,69
744,Christa,Le Estut,cleestutnc@dyndns.org,Intern,Customer Relationship Management Strategies,64
745,Barbara,Albrook,balbrookbs@netlog.com,Employee,Interior Design Principles,98
746,Winona,Howard - Gater,whowardgater3b@xinhuanet.com,Employee,Email Marketing Campaigns,93
747,Leone,Baus,lbausji@prnewswire.com,Intern,Career Transition and Job Search Strategies,60
748,Millisent,Dollman,mdollmano5@simplemachines.org,Intern,Interior Decorating Workshop,98
749,Keely,Courtliff,kcourtliff5t@123-reg.co.uk,Intern,Gardening for Beginners,93
750,Eustacia,Lainton,elainton78@friendfeed.com,Employee,Travel Writing Workshop,100
751,Emelda,Golledge,egolledgejl@omniture.com,Intern,Photography for Beginners,99
752,Reginauld,Latore,rlatore1u@nydailynews.com,Intern,Travel Planning and Budgeting,63
753,Burtie,Buffey,bbuffey6m@wired.com,Employee,Event Sponsorship and Partnerships,66
754,Jan,Pudden,jpuddencx@buzzfeed.com,Intern,Fashion Branding and Marketing,81
755,Pansie,Josefsen,pjosefsenba@reuters.com,Employee,Networking and Security Fundamentals,88
756,Frans,Balk,fbalklc@columbia.edu,Employee,Data Visualization Workshop,96
757,Thaine,Emmison,temmison7l@linkedin.com,Employee,Art Therapy Workshop,89
758,Bo,Mcettrick,bmcettrick3@disqus.com,Intern,Travel Writing Workshop,75
759,Nettie,Perone,nperonegr@weibo.com,Employee,Creative Writing Workshop,92
760,Jan,Pudden,jpuddencx@buzzfeed.com,Intern,Photography Lighting Techniques,97
761,Sonnnie,O'Hallagan,sohallaganj8@over-blog.com,Intern,Art Therapy Workshop,67
762,Inga,Rignoldes,irignoldesdu@omniture.com,Intern,Artificial Intelligence Fundamentals,77
763,Helaina,Trodden,htroddenoi@uiuc.edu,Employee,Interior Design Principles,89
764,Shelley,Gartin,sgartinl2@cbsnews.com,Intern,Event Marketing Strategies,61
765,Binny,Forrestor,bforrestorov@reddit.com,Employee,Digital Marketing Analytics,90
766,Maje,Fonquernie,mfonquernie77@marriott.com,Employee,Creative Writing Workshop,74
767,Jaye,Hemphrey,jhemphrey58@flickr.com,Employee,Mindfulness in the Workplace Training,88
768,Joey,Anders,jandersha@nymag.com,Employee,Data Visualization Workshop,71
769,Xymenes,Keedwell,xkeedwell2x@free.fr,Intern,Music Industry Trends and Insights,77
770,Lil,Burwood,lburwoodd2@ovh.net,Intern,Digital Marketing Analytics,65
771,Natassia,Bunney,nbunneygl@sina.com.cn,Intern,Negotiation Skills Training,98
772,Travers,Dowall,tdowallpv@slideshare.net,Intern,Financial Planning for Beginners,65
773,Modestia,Erdis,merdisrh@smh.com.au,Intern,Career Transition and Job Search Strategies,91
774,Alica,Bulter,abulterlk@nyu.edu,Intern,Event Marketing Strategies,94
775,Benjamin,Pomroy,bpomroy18@europa.eu,Employee,Entrepreneurship Fundamentals,97
776,Marcy,Kinvan,mkinvanjx@1und1.de,Employee,Mindfulness and Meditation Practices,70
777,Carmine,Seegar,cseegarrj@smh.com.au,Employee,Travel Planning and Budgeting,97
778,Jean,Conville,jconvillepi@hud.gov,Intern,Travel Writing Workshop,92
779,Lita,Kerin,lkerinay@creativecommons.org,Employee,Video Game Development Workshop,83
780,Zebadiah,Gibben,zgibben68@last.fm,Employee,Public Speaking for Leaders,71
781,Lissy,Ciccone,lcicconep9@1688.com,Employee,Digital Illustration Basics,64
782,Juieta,Daud,jdauddg@businessinsider.com,Employee,Event Marketing Strategies,68
783,Brana,Stockall,bstockall12@ebay.co.uk,Intern,Event Planning and Management,74
784,Stavros,Hellwich,shellwich29@sina.com.cn,Employee,Human Resources Management Fundamentals,63
785,Charyl,McCard,cmccardmc@trellian.com,Employee,Mobile App Development Workshop,85
786,Flem,Quenby,fquenbyis@drupal.org,Intern,Graphic Design Basics,65
787,Tallie,Abbot,tabbot5r@clickbank.net,Intern,Photography Editing Techniques,76
788,Clair,Polamontayne,cpolamontaynehm@youtu.be,Intern,Creative Writing Workshop,90
789,Constantia,Symon,csymong@oakley.com,Employee,Social Media Marketing Strategies,72
790,Barry,Tockell,btockelle0@blog.com,Intern,Human Resources Training and Development,76
791,Niall,Whitehorn,nwhitehornq4@1688.com,Employee,Travel Planning and Budgeting,77
792,Joshuah,Darth,jdarth7n@devhub.com,Intern,Sales Techniques and Strategies,85
793,Chelsy,Boddie,cboddiena@bluehost.com,Employee,Travel Writing Workshop,91
794,Ellswerth,Surridge,esurridge8u@meetup.com,Intern,Event Sponsorship and Partnerships,92
795,Maye,Purviss,mpurviss1f@gmpg.org,Employee,Gardening and Landscaping Basics,62
796,Casi,Cyphus,ccyphusgq@webs.com,Intern,Data Visualization Workshop,61
797,Stacy,Halvorsen,shalvorsenj1@usda.gov,Intern,Event Sponsorship and Partnerships,72
798,Georgeta,Skace,gskaceci@globo.com,Intern,Career Development and Planning,73
799,Puff,Vallens,pvallensg7@blinklist.com,Intern,Self-Care and Stress Management Techniques,94
800,Valina,Yitzhok,vyitzhokch@nymag.com,Employee,Gardening for Stress Relief,79
801,Monty,Paulucci,mpaulucci8c@examiner.com,Intern,Fitness Training Techniques,78
802,Sasha,Giorgione,sgiorgione1l@mozilla.org,Employee,Event Planning and Management,64
803,Vera,Ebbutt,vebbuttdq@shop-pro.jp,Employee,Fashion Branding and Marketing,97
804,Oswald,Bown,obownek@hc360.com,Employee,Negotiation Skills Training,84
805,Orella,Stephens,ostephens3t@issuu.com,Employee,Music Production Software Training,88
806,Jemima,Dowty,jdowty9t@kickstarter.com,Employee,Healthy Dessert Recipes Workshop,94
807,Lita,Kerin,lkerinay@creativecommons.org,Employee,Gardening for Sustainable Living,71
808,Nicolette,McCarty,nmccarty2r@altervista.org,Intern,Travel Photography Workshop,87
809,Cross,Brandacci,cbrandaccing@eventbrite.com,Employee,Music Composition and Songwriting,75
810,Guthrey,Peal,gpealez@rambler.ru,Employee,Product Management Essentials,82
811,Bernete,Keaton,bkeatonhn@stumbleupon.com,Intern,Nutrition and Healthy Eating Habits,67
812,Hewitt,Farrance,hfarrancef0@ucoz.com,Intern,Human Resources Training and Development,100
813,Rey,Yelden,ryeldenon@woothemes.com,Intern,Project Management Essentials,69
814,Trista,Jzhakov,tjzhakovr5@hexun.com,Employee,Fashion Styling Techniques,92
815,Humfrey,Anstis,hanstislt@cornell.edu,Employee,Digital Marketing Strategies,85
816,Mendy,Elsay,melsay9p@zimbio.com,Employee,Customer Service Excellence Training,97
817,Randi,Bartoli,rbartoli9s@weibo.com,Intern,Public Speaking for Leaders,89
818,Marja,Edgehill,medgehillkv@hibu.com,Employee,Culinary Arts Masterclass,96
819,Margaretha,De Hooch,mdehooch11@wufoo.com,Employee,Public Speaking Skills Training,76
820,Johnathon,Stammirs,jstammirsm7@youku.com,Intern,Fashion Branding and Marketing,61
821,Caleb,Flobert,cflobertep@spiegel.de,Employee,Entrepreneurship Fundamentals,87
822,Petr,Puddifer,ppuddiferj7@wordpress.org,Intern,Public Speaking for Leaders,98
823,Marja,Overton,movertond3@cam.ac.uk,Intern,Mindfulness in the Workplace Training,84
824,Nonna,Keyho,nkeyho6c@nih.gov,Intern,Data Science Bootcamp,83
825,Boot,Wight,bwight9g@ask.com,Intern,Photography for Beginners,94
826,Aundrea,Thome,athomeem@newyorker.com,Intern,Introduction to Python Programming,87
827,Normy,Micklewright,nmicklewrightaz@com.com,Intern,Artificial Intelligence Fundamentals,99
828,Sammie,Scorthorne,sscorthorne3m@mit.edu,Intern,Cybersecurity Fundamentals,98
829,Fiorenze,Dunsford,fdunsford1k@symantec.com,Intern,Sustainable Living Practices,99
830,Vernon,Glaum,vglaum9v@dot.gov,Intern,Photography for Beginners,77
831,Berri,Durtnel,bdurtnelks@zimbio.com,Intern,Human Resources Recruitment and Selection,96
832,Caitlin,Renon,crenon76@google.com.br,Employee,Public Speaking for Leaders,61
833,Archer,Yvens,ayvensc2@businessinsider.com,Intern,Photography Lighting Techniques,76
834,Jaimie,Martlew,jmartlewhu@nifty.com,Employee,Mobile App Development Workshop,79
835,Mirabel,Matyashev,mmatyashevpx@shinystat.com,Intern,Public Speaking for Leaders,69
836,Corella,Elfe,celfefi@amazonaws.com,Employee,Photography Lighting Techniques,89
837,Bernete,Keaton,bkeatonhn@stumbleupon.com,Intern,Human Resources Training and Development,66
838,Yolanda,Loan,yloan4q@freewebs.com,Intern,Fashion Branding and Marketing,97
839,Perle,Riach,priachkx@scribd.com,Intern,Self-Care and Stress Management Techniques,98
840,Emerson,Heineking,eheinekingq1@friendfeed.com,Intern,Artificial Intelligence Fundamentals,80
841,Cyndia,Havock,chavockbt@alexa.com,Employee,Photography for Beginners,68
842,Howie,Soans,hsoanspe@parallels.com,Employee,Public Health Fundamentals,75
843,Earlie,Shaxby,eshaxby8i@sakura.ne.jp,Intern,Culinary Arts Masterclass,65
844,Ivor,Lurner,ilurner1s@over-blog.com,Employee,Business Communication Skills Training,79
845,Stacy,Halvorsen,shalvorsenj1@usda.gov,Intern,Machine Learning Fundamentals,88
846,Mercie,Mosley,mmosleyak@google.it,Intern,Cybersecurity Fundamentals,89
847,Corella,Elfe,celfefi@amazonaws.com,Employee,Digital Marketing Analytics,74
848,Myrtice,Adlam,madlam56@sbwire.com,Intern,Cybersecurity Fundamentals,62
849,Dolley,Breed,dbreedbn@answers.com,Intern,Public Speaking Skills Training,76
850,Miof mela,Van Velde,mvanveldea1@businesswire.com,Intern,Customer Relationship Management Strategies,98
851,Theresita,Cornels,tcornelsqf@google.nl,Employee,Yoga and Meditation Retreat,82
852,Lilli,Cescon,lcescon4y@bbc.co.uk,Employee,Interior Decorating Workshop,83
853,Ferrell,Pomroy,fpomroydf@icq.com,Intern,Human Resources Recruitment and Selection,88
854,Artus,Meachem,ameachemol@theguardian.com,Employee,Fashion Merchandising Essentials,95
855,Hersch,Macvain,hmacvain84@vinaora.com,Intern,Art Therapy Workshop,68
856,Karilynn,Cornwell,kcornwell34@webnode.com,Employee,Public Relations Strategies,77
857,Marrissa,Lealle,mlealle3v@utexas.edu,Intern,Career Transition and Job Search Strategies,65
858,Tomi,Risdall,trisdallpr@bbb.org,Intern,Nutrition and Healthy Eating Habits,89
859,Hinda,Haberjam,hhaberjamfz@amazonaws.com,Intern,Gardening for Beginners,94
860,Franny,Cullington,fcullingtonp8@dropbox.com,Intern,Healthy Smoothie Recipes Workshop,76
861,Erinn,Abadam,eabadamnw@economist.com,Intern,Networking and Security Fundamentals,82
862,Jessa,Wiskar,jwiskar8h@ocn.ne.jp,Employee,Business Communication Skills Training,80
863,Mordy,Lattka,mlattkagp@nationalgeographic.com,Intern,Social Media Marketing Strategies,77
864,Missie,Rope,mropee9@cbslocal.com,Intern,Human Resources Recruitment and Selection,73
865,Englebert,Babington,ebabingtondb@oracle.com,Intern,Nutrition and Healthy Eating Habits,78
866,Tulley,Burnage,tburnaged@over-blog.com,Employee,Interior Design Principles,96
867,Grace,Kemmis,gkemmis6a@sogou.com,Intern,Video Editing Basics,80
868,Samaria,Blaszczak,sblaszczaklh@google.co.uk,Employee,Event Planning and Management,85
869,Katrine,Pagden,kpagdenbm@163.com,Intern,Digital Illustration Basics,80
870,Lucia,Cavy,lcavylj@webs.com,Intern,UI/UX Design Principles,98
871,Galen,Tregido,gtregido8o@fotki.com,Employee,Social Media Marketing Strategies,94
872,Henrie,Allin,hallinly@canalblog.com,Employee,Public Health Fundamentals,85
873,Loralie,Clemon,lclemonh3@mtv.com,Intern,Personal Finance Management Strategies,65
874,Peder,Bartleet,pbartleetbj@wufoo.com,Intern,Human Resources Management Fundamentals,60
875,Kimmi,Faudrie,kfaudrieil@yolasite.com,Intern,Public Health Fundamentals,85
876,Tanhya,Tee,ttee9d@networkadvertising.org,Intern,Public Speaking for Leaders,81
877,Shauna,Bompas,sbompascp@geocities.com,Employee,Public Speaking for Leaders,95
878,Colver,Hannabuss,channabuss49@soundcloud.com,Intern,Web Design Principles,84
879,Monty,Paulucci,mpaulucci8c@examiner.com,Intern,Music Production Software Training,84
880,Alleen,Huckleby,ahucklebyqh@dagondesign.com,Intern,Fashion Merchandising Essentials,77
881,Josie,MacGillespie,jmacgillespieq5@hp.com,Intern,Photography for Beginners,71
882,Lawton,Sheepy,lsheepy6s@smh.com.au,Employee,Music Marketing Strategies,74
883,Jeralee,Allen,jallen1v@dagondesign.com,Employee,Customer Service Excellence Training,79
884,Ariela,Poulton,apoultonp5@wix.com,Intern,Career Transition and Job Search Strategies,73
885,Angelo,Snellman,asnellmanlm@economist.com,Employee,Sales Techniques and Strategies,68
886,Katusha,Devin,kdevinka@economist.com,Intern,Human Resources Recruitment and Selection,76
887,Ellerey,Trainer,etrainern9@gravatar.com,Employee,Healthy Dessert Recipes Workshop,70
888,Rochette,Shay,rshay3i@ning.com,Employee,Data Science Bootcamp,90
889,Morgun,Leppard,mleppardgw@tinypic.com,Employee,Data Visualization Workshop,76
890,Flem,Quenby,fquenbyis@drupal.org,Intern,Gardening and Landscaping Basics,98
891,Hedvig,Samples,hsamples54@1688.com,Employee,Video Game Development Workshop,85
892,Heall,Brassington,hbrassingtonat@intel.com,Intern,Event Planning and Management,88
893,Willie,Sharer,wsharer4f@histats.com,Employee,Public Speaking for Introverts,92
894,Barbi,Kibard,bkibardcy@google.ca,Intern,Public Speaking for Leaders,61
895,Row,Nursey,rnurseyr1@arizona.edu,Intern,Music Theory Fundamentals,64
896,Queenie,Furniss,qfurnissaj@nifty.com,Intern,Fashion Styling Techniques,94
897,Barbara,Albrook,balbrookbs@netlog.com,Employee,E-commerce Business Strategies,86
898,Beverie,Domino,bdomino4p@hud.gov,Intern,Content Writing Masterclass,77
899,Jennie,Nassau,jnassaub8@berkeley.edu,Employee,Public Speaking for Introverts,71
900,Bethina,Jacmar,bjacmar61@vinaora.com,Intern,Interior Decorating Workshop,76
901,Ree,Swanger,rswanger7z@google.co.uk,Employee,Machine Learning Fundamentals,61
902,Karie,Corkill,kcorkillnn@unesco.org,Intern,Music Composition and Songwriting,90
903,Wayne,Lewens,wlewensde@nhs.uk,Intern,Gardening for Sustainable Living,67
904,Sol,Seebright,sseebright0@theglobeandmail.com,Intern,Business Communication Skills Training,89
905,Arliene,Chaplain,achaplainrn@tmall.com,Intern,Career Transition and Job Search Strategies,96
906,Karole,Espinola,kespinola5i@dell.com,Employee,Mindfulness in the Workplace Training,80
907,Bethina,Jacmar,bjacmar61@vinaora.com,Intern,Travel Writing Workshop,70
908,Ruggiero,Cordeau,rcordeau1i@hud.gov,Intern,Social Media Marketing Strategies,93
909,Stacy,Halvorsen,shalvorsenj1@usda.gov,Intern,Web Design Principles,91
910,Ezri,Beckey,ebeckeyjz@cbc.ca,Employee,Travel Writing Workshop,96
911,Kenny,Blowfield,kblowfieldqq@who.int,Employee,Music Theory Fundamentals,75
912,Peder,Bartleet,pbartleetbj@wufoo.com,Intern,Healthy Meal Prep Workshop,93
913,Kaile,Pavel,kpavelas@imdb.com,Intern,Customer Relationship Management Strategies,88
914,Kym,Caves,kcavesju@hubpages.com,Intern,Culinary Arts Masterclass,68
915,Alvy,Hendrichs,ahendrichsbz@shinystat.com,Employee,Event Coordination and Logistics,93
916,Dom,Moloney,dmoloneyb4@ted.com,Employee,Fashion Styling Techniques,69
917,Marlon,Broader,mbroader9b@reddit.com,Intern,Customer Relationship Management Strategies,60
918,Hewe,Larenson,hlarensonbf@spiegel.de,Intern,Culinary Arts Masterclass,86
919,Nevins,Fenn,nfennn7@springer.com,Employee,Travel Planning and Budgeting,72
920,Neil,Kilcoyne,nkilcoynefb@vkontakte.ru,Intern,Time Management and Productivity Techniques,62
921,Pansie,Josefsen,pjosefsenba@reuters.com,Employee,Music Production Software Training,68
922,Dede,Yanin,dyaninbi@freewebs.com,Employee,Customer Service Excellence Training,61
923,Kym,Caves,kcavesju@hubpages.com,Intern,Travel Writing Workshop,76
924,Scarlett,Pereira,spereira3a@cyberchimps.com,Employee,Advanced Data Analysis Techniques,87
925,Luis,Atthow,latthow5e@cdc.gov,Intern,Gardening for Stress Relief,85
926,Iver,Tremonte,itremontef9@comcast.net,Employee,Healthy Meal Prep Workshop,71
927,Giovanna,Cranmer,gcranmerq8@japanpost.jp,Intern,Public Speaking for Introverts,85
928,Lynne,Benedettini,lbenedettini6w@t.co,Intern,Cybersecurity Fundamentals,68
929,Pascale,Finlater,pfinlater8v@yellowbook.com,Intern,Gardening for Sustainable Living,98
930,Kaylyn,Mitrikhin,kmitrikhinh@forbes.com,Employee,Data Science Bootcamp,94
931,Jannelle,Rudgley,jrudgley7u@icio.us,Employee,Interior Design Principles,84
932,Carree,Pender,cpender73@bloglines.com,Intern,Personal Branding Workshop,65
933,Tami,Griswood,tgriswoode5@plala.or.jp,Intern,Travel Photography Workshop,77
934,Leticia,Abramcik,labramcik6k@jimdo.com,Employee,Interior Decorating Workshop,63
935,Correy,Storah,cstorahl6@msn.com,Intern,Event Marketing Strategies,98
936,Edsel,Gori,egoriiy@adobe.com,Intern,Personal Finance Management Strategies,94
937,Frasier,Refford,freffordow@ameblo.jp,Employee,Introduction to Python Programming,81
938,Maggee,Satterlee,msatterlee6d@ycombinator.com,Employee,Culinary Arts Masterclass,79
939,Cinderella,Strick,cstrickm9@google.cn,Employee,Event Sponsorship and Partnerships,65
940,Dave,Chevalier,dchevalier3j@histats.com,Employee,Gardening for Stress Relief,96
941,Jeane,Swaddle,jswaddleen@ca.gov,Employee,Machine Learning Fundamentals,77
942,Theresita,Cornels,tcornelsqf@google.nl,Employee,Mindfulness and Meditation Practices,81
943,Xymenes,Keedwell,xkeedwell2x@free.fr,Intern,Social Media Marketing Strategies,72
944,Bank,Iannuzzelli,biannuzzellin4@sakura.ne.jp,Intern,Music Marketing Strategies,94
945,Louise,Rolfo,lrolfoc6@slashdot.org,Employee,Healthy Dessert Recipes Workshop,68
946,Costanza,Baum,cbaumb7@cargocollective.com,Employee,Travel Writing Workshop,82
947,Marja,Overton,movertond3@cam.ac.uk,Intern,Travel Writing Workshop,99
948,Ania,Crossley,acrossley4v@japanpost.jp,Employee,Event Planning for Nonprofits,86
949,Ellswerth,Surridge,esurridge8u@meetup.com,Intern,Fashion Branding and Marketing,85
950,Tamara,Samsworth,tsamsworthk4@ibm.com,Intern,Fashion Branding and Marketing,89
951,Marcy,Kinvan,mkinvanjx@1und1.de,Employee,Travel Photography Workshop,86
952,Shaine,Orgee,sorgeeaq@booking.com,Intern,Entrepreneurship Fundamentals,90
953,Emylee,Bounde,eboundeed@macromedia.com,Employee,Sustainable Fashion Principles,77
954,Nanice,Breslin,nbreslinmr@tumblr.com,Employee,Artificial Intelligence Fundamentals,78
955,Holli,Boughey,hbougheypu@bloomberg.com,Intern,Social Media Marketing Strategies,97
956,Gabrielle,Timby,gtimbyb@mayoclinic.com,Intern,Music Production Workshop,98
957,Tamara,Samsworth,tsamsworthk4@ibm.com,Intern,Public Speaking for Leaders,96
958,Melva,Locks,mlocks7i@tinyurl.com,Employee,Data Visualization Workshop,97
959,Jillian,Springham,jspringham72@ucla.edu,Employee,Gardening and Landscaping Basics,95
960,Marcy,Kinvan,mkinvanjx@1und1.de,Employee,SEO Optimization Techniques,87
961,Nellie,Widdison,nwiddisonni@spotify.com,Intern,Career Transition and Job Search Strategies,67
962,Dag,Ferreli,dferrelie2@washingtonpost.com,Employee,Video Game Development Workshop,71
963,Roderick,Garrod,rgarrod7h@ca.gov,Employee,Digital Marketing Analytics,83
964,Berny,Scally,bscally2s@tmall.com,Intern,Blockchain Technology Overview,89
965,George,Harry,gharrybh@linkedin.com,Intern,Email Marketing Campaigns,96
966,Andris,Kasman,akasmankk@moonfruit.com,Intern,Public Health Fundamentals,87
967,Rhys,Cavolini,rcavolinifp@fema.gov,Intern,Public Speaking for Leaders,95
968,Betta,Dows,bdowsa2@columbia.edu,Intern,Time Management and Productivity Techniques,93
969,Peder,Bartleet,pbartleetbj@wufoo.com,Intern,Time Management and Productivity Techniques,100
970,Benita,Durning,bdurning5g@blogs.com,Employee,Video Game Development Workshop,69
971,Constance,Millen,cmillen7r@ezinearticles.com,Intern,Travel Photography Workshop,72
972,Carmine,Seegar,cseegarrj@smh.com.au,Employee,Financial Planning for Beginners,90
973,Benjamin,Pomroy,bpomroy18@europa.eu,Employee,Digital Marketing Analytics,87
974,Carmine,Seegar,cseegarrj@smh.com.au,Employee,Gardening for Beginners,99
975,Dominick,Dennitts,ddennitts19@t-online.de,Employee,Networking and Security Fundamentals,65
976,Craggie,Norree,cnorreegu@noaa.gov,Employee,Healthy Meal Prep Workshop,65
977,Lanny,Puxley,lpuxley17@rakuten.co.jp,Intern,Public Health Fundamentals,62
978,Hewe,Larenson,hlarensonbf@spiegel.de,Intern,Customer Relationship Management Strategies,100
979,Tobey,Wallbanks,twallbanksmp@google.nl,Intern,Human Resources Training and Development,69
980,Wayne,Lewens,wlewensde@nhs.uk,Intern,Financial Literacy and Investment Strategies,84
981,Artus,Meachem,ameachemol@theguardian.com,Employee,Career Transition and Job Search Strategies,96
982,Jarib,Cescon,jcescon8q@hibu.com,Intern,Nutrition and Healthy Eating Habits,89
983,Eustacia,Lainton,elainton78@friendfeed.com,Employee,Music Marketing Strategies,85
984,Winona,Howard - Gater,whowardgater3b@xinhuanet.com,Employee,Travel Writing Workshop,84
985,Dasha,Condy,dcondyii@gov.uk,Employee,Financial Literacy and Investment Strategies,70
986,Andrej,Cossins,acossinslu@engadget.com,Intern,Cybersecurity Fundamentals,75
987,Luigi,Lief,lliefir@spotify.com,Employee,Cybersecurity Fundamentals,95
988,Marisa,Bentame,mbentame2i@webeden.co.uk,Employee,Product Management Essentials,94
989,Odie,Griggs,ogriggseu@sciencedaily.com,Intern,Fashion Merchandising Essentials,68
990,Lissy,Ciccone,lcicconep9@1688.com,Employee,Negotiation Skills Training,96
991,Gilda,Reef,greef6z@nsw.gov.au,Employee,Public Speaking Skills Training,83
992,Ertha,Garrique,egarriquen6@go.com,Intern,Customer Relationship Management Strategies,64
993,May,Meeking,mmeekingod@gov.uk,Employee,Sales Techniques and Strategies,91
994,Corinne,Fishleigh,cfishleighf8@hc360.com,Employee,Cooking and Baking Masterclass,97
995,Sadella,Gumey,sgumey8d@seesaa.net,Intern,Mobile App Development Workshop,61
996,Lucia,Cavy,lcavylj@webs.com,Intern,Business Communication Skills Training,77
997,Joshuah,Darth,jdarth7n@devhub.com,Intern,Personal Finance Management Strategies,98
998,Hervey,Aronin,haronin41@hibu.com,Employee,Video Game Development Workshop,80
999,Connor,Bilbrook,cbilbrookk6@google.ca,Employee,Travel Writing Workshop,81
1000,Thayne,Canas,tcanasq@amazonaws.com,Intern,Interior Decorating Workshop,87
